Rk,Player,Pos,Age,Tm,G,MP,PER,TS%,3PAr,FTr,ORB%,DRB%,TRB%,AST%,STL%,BLK%,TOV%,USG%,,OWS,DWS,WS,WS/48,,OBPM,DBPM,BPM,VORP
1,Jayson Tatum,PF,25,BOS,20,731,21.5,0.619,0.44,0.334,2.2,22.6,12.9,18.9,1.5,0.9,13.1,30.3,,1.3,1.3,2.6,0.17,,3.7,1.3,5,1.3
2,Kentavious Caldwell-Pope,SG,30,DEN,21,720,10.6,0.587,0.445,0.225,1.5,5.1,3.3,9.9,2.4,1.1,12.3,13.6,,0.5,0.7,1.2,0.083,,-2.4,0.4,-1.9,0
3,Nikola Vučević,C,33,CHI,21,720,15,0.505,0.239,0.117,7.7,25.8,16.2,15.1,1.3,2.1,10.5,22.3,,0.1,0.8,0.8,0.054,,-1.3,-0.4,-1.7,0.1
4,Max Strus,SF,27,CLE,20,705,12.9,0.576,0.64,0.096,2.2,14.4,8.5,15.9,1.4,1.6,11.4,17.3,,0.6,0.8,1.4,0.099,,-0.2,0.8,0.7,0.5
5,Shaedon Sharpe,SG,20,POR,19,703,11.5,0.53,0.385,0.272,4.4,13.2,8.5,14.5,1.5,1,15.5,22.7,,-0.3,0.7,0.4,0.029,,-2.3,-0.7,-3,-0.2
6,Cade Cunningham,PG,22,DET,20,701,13.1,0.515,0.302,0.212,1.5,10.5,6,33.3,1.2,0.5,16.7,31,,-0.5,0.3,-0.3,-0.017,,-0.6,-2.8,-3.4,-0.3
7,Anthony Davis,C,30,LAL,20,701,25.4,0.613,0.035,0.416,10.9,26.8,19.3,15.2,1.4,7,10.1,25.8,,1.7,1.4,3.2,0.216,,2.8,2,4.8,1.2
8,Coby White,PG,23,CHI,21,697,12.5,0.568,0.573,0.15,1.2,9.8,5.3,19.3,1.4,0.9,12.6,20.1,,0.5,0.3,0.8,0.055,,-0.6,-1,-1.6,0.1
9,Scottie Barnes,SG,22,TOR,20,696,21,0.564,0.326,0.252,7.9,20.6,14,23.9,2.5,3.2,11.7,23.9,,1.1,1.2,2.3,0.158,,3.7,2.5,6.3,1.4
10,Tyrese Maxey,PG,23,PHI,18,691,22,0.596,0.409,0.272,1.9,11.3,6.6,27.5,1.1,1.6,6.4,26.5,,2.4,0.5,2.9,0.199,,6,-0.7,5.3,1.3
11,Pascal Siakam,PF,29,TOR,20,686,16,0.544,0.251,0.316,5,17.9,11.2,22.5,1.1,0.5,12.6,25.9,,0.4,0.7,1.2,0.082,,0.1,-0.2,-0.2,0.3
12,Nikola Jokić,C,28,DEN,20,681,34.1,0.634,0.208,0.32,10.6,31,20.8,48.5,1.7,2,11.3,32.5,,3.4,1.2,4.6,0.323,,11.2,4.4,15.6,3
13,Paul George,PF,33,LAC,19,676,18.4,0.583,0.464,0.246,2,15.6,8.9,19,2.2,0.4,10.7,27.3,,0.9,1,1.9,0.136,,2.1,0.3,2.4,0.7
14,Jalen Brunson,PG,27,NYK,19,675,20.6,0.591,0.367,0.243,2.1,9.7,5.8,26.7,1.4,0.1,8.5,27.5,,2,0.8,2.8,0.196,,4.9,0.3,5.2,1.2
15,DeMar DeRozan,SF,34,CHI,19,673,18.9,0.548,0.151,0.387,2.7,8.1,5.2,22.8,1.3,2.4,5.8,26,,1.3,0.3,1.6,0.116,,2.2,-0.7,1.4,0.6
16,LeBron James,PF,39,LAL,20,671,23.6,0.639,0.346,0.34,2.8,20.8,12.3,32.5,1.9,2,16.1,29.5,,1.1,1.1,2.1,0.153,,5.6,1.5,7.1,1.5
17,Tobias Harris,PF,31,PHI,19,669,15.4,0.605,0.246,0.278,2.8,16.1,9.5,11.2,1.3,0.8,11.6,20.1,,0.9,0.6,1.5,0.108,,0.5,-0.8,-0.4,0.3
18,Evan Mobley,PF,22,CLE,20,669,18.9,0.605,0.042,0.275,9.2,25.3,17.5,13.3,1.2,4.5,14.3,20,,0.9,1.2,2.1,0.148,,-0.2,1.6,1.4,0.6
19,Paolo Banchero,PF,21,ORL,20,668,16.4,0.563,0.208,0.413,4.6,19.1,11.8,22.5,1.5,1.5,15.2,25.6,,0.4,1,1.4,0.102,,0.6,0.6,1.2,0.5
20,Domantas Sabonis,C,27,SAC,19,667,22.2,0.629,0.106,0.492,10.4,27.9,18.8,30.8,1.2,2.1,16.3,21.8,,1.9,0.8,2.7,0.191,,3.2,1.7,4.9,1.2
21,Mikal Bridges,SF,27,BRK,19,665,19,0.589,0.343,0.287,3.6,14.8,9.3,17,1.5,1.2,11.5,26.7,,1.1,0.6,1.7,0.122,,2,-0.5,1.5,0.6
22,Jerami Grant,PF,29,POR,19,664,15.4,0.572,0.374,0.352,2.1,10.9,6.2,10.8,1.2,2.3,11.3,26.6,,0.4,0.6,1,0.074,,0.9,-0.8,0.1,0.4
23,Julius Randle,PF,29,NYK,19,664,16.3,0.506,0.336,0.367,6.4,26,15.9,25.2,1.1,0.4,13.5,28.4,,0.2,1.1,1.3,0.092,,0.5,0.5,1,0.5
24,Michael Porter Jr.,SF,25,DEN,21,661,16.8,0.591,0.541,0.105,5.9,22.5,14.2,7.8,0.8,2.2,7.5,21.8,,0.8,0.8,1.6,0.12,,1.9,-1.4,0.4,0.4
25,Kevin Durant,PF,35,PHO,18,659,25.1,0.636,0.218,0.415,0.9,18.4,10.1,29.1,1,2.8,12.7,33,,1.9,0.7,2.6,0.191,,6.4,-0.1,6.4,1.4
26,Franz Wagner,SF,22,ORL,20,657,17.6,0.564,0.308,0.271,4.2,16,10,17.1,1.5,1.1,8.7,25.7,,0.9,1,1.9,0.139,,1.3,0.2,1.5,0.6
27,Kawhi Leonard,SF,32,LAC,19,653,20,0.579,0.321,0.235,2.9,15.9,9.5,16.1,2.3,1.8,7.5,25.5,,1.1,1,2.1,0.156,,2.9,0.8,3.7,0.9
28,Giannis Antetokounmpo,PF,29,MIL,19,652,28.5,0.641,0.097,0.521,9.4,24.3,17.2,25.2,1.9,3.3,15.1,34.1,,1.8,0.9,2.7,0.197,,5,1.4,6.4,1.4
29,Jaylen Brown,SF,27,BOS,19,652,15.7,0.545,0.375,0.206,2.1,13.4,8,15.2,1.7,1.8,10.8,28.7,,0.1,1.1,1.1,0.082,,-0.8,0.6,-0.2,0.3
30,Brandon Ingram,SF,26,NOP,19,652,18.5,0.571,0.232,0.269,1.8,15.1,8.4,25.5,1.1,0.5,11,29,,0.8,0.6,1.3,0.098,,1.6,-1.1,0.5,0.4
31,Dejounte Murray,SG,27,ATL,19,649,17.2,0.561,0.351,0.185,2.1,11.3,6.6,21.8,2.5,0.7,11.5,24.4,,0.8,0.3,1.1,0.084,,1.3,-0.6,0.8,0.5
32,D'Angelo Russell,PG,27,LAL,21,649,18.2,0.598,0.415,0.199,1.4,10,5.9,32.8,1.3,1.6,11.2,22.8,,1.2,0.7,1.9,0.138,,2.8,-0.3,2.5,0.7
33,Trae Young,PG,25,ATL,18,648,22.1,0.569,0.437,0.454,2,6.9,4.4,43.2,2.1,0,13.7,31.1,,1.9,0.1,2,0.147,,5.8,-2,3.8,0.9
34,Desmond Bane,SG,25,MEM,19,646,18.9,0.573,0.464,0.202,2.9,11.8,7.2,27.7,1.9,2,11.7,29.4,,0.7,0.8,1.5,0.109,,3.3,0.1,3.4,0.9
35,Luka Dončić,PG,24,DAL,18,645,27.1,0.616,0.449,0.359,2,23.5,12.6,40.8,1.8,1.2,13.1,34.6,,1.9,0.7,2.6,0.194,,7.8,0.9,8.7,1.7
36,Karl-Anthony Towns,PF,28,MIN,19,636,19.1,0.618,0.32,0.258,4,24.2,14.9,15.3,1.4,1.9,14.1,27.2,,0.7,1.4,2.1,0.16,,1.5,1.8,3.2,0.9
37,Zach LaVine,SG,28,CHI,18,635,15.9,0.566,0.43,0.275,1,15.3,7.7,15.7,1.3,0.7,9.7,25.8,,0.5,0.4,0.9,0.07,,1,-1,0,0.3
38,Dennis Schröder,PG,30,TOR,20,632,15.8,0.55,0.392,0.246,1.6,8.9,5.1,32.2,1.4,0.3,10.8,21.6,,1,0.5,1.6,0.121,,0.7,-0.5,0.1,0.3
39,Damian Lillard,PG,33,MIL,18,630,22,0.609,0.494,0.506,2.4,11.4,7.1,28.4,1.4,0.3,11.7,28.8,,1.9,0.4,2.3,0.177,,4.4,-1.6,2.8,0.8
40,Isaiah Stewart,PF,22,DET,20,626,10.1,0.558,0.438,0.184,6.8,18.3,12.5,6.2,0.5,1.8,14.9,15.6,,0.1,0.3,0.4,0.031,,-2.2,-1.2,-3.5,-0.2
41,Jrue Holiday,PG,33,BOS,18,625,12.8,0.526,0.421,0.142,5.8,15.7,11,19.9,0.9,2.3,15.7,17.2,,0.4,1,1.3,0.103,,-0.2,1.3,1.1,0.5
42,John Collins,PF,26,UTA,20,624,14.3,0.571,0.325,0.241,9.2,20.5,14.7,4.4,0.9,2.5,9.7,18.5,,0.7,0.4,1.1,0.085,,-0.8,-1.9,-2.7,-0.1
43,Shai Gilgeous-Alexander,PG,25,OKC,18,622,30.3,0.638,0.173,0.36,2.9,14.4,9.1,31.1,3.4,2.4,8.5,32,,2.6,1.2,3.8,0.295,,7.1,3.3,10.4,1.9
44,Rudy Gobert,C,31,MIN,19,622,18.2,0.625,0,0.667,13.4,25,19.7,4.6,0.9,6.2,12.9,16.2,,1.1,1.5,2.5,0.195,,-0.5,1.8,1.3,0.5
45,Austin Reaves,SG,25,LAL,21,620,14.6,0.583,0.386,0.34,3.5,13.1,8.6,23,1.7,0.3,16.8,20.9,,0.4,0.7,1.1,0.087,,-0.4,-0.3,-0.7,0.2
46,Bruce Brown,SG,27,IND,19,608,12.1,0.589,0.391,0.255,1.7,14.3,8,10.4,1.7,0.6,9.7,15.3,,0.7,0.2,0.8,0.066,,-1.1,-0.9,-2,0
47,Fred VanVleet,PG,29,HOU,16,604,15.6,0.539,0.573,0.181,0.9,11,6.1,34.2,0.9,1.1,9.3,19.8,,1,0.7,1.8,0.14,,2.4,0.2,2.6,0.7
48,Stephen Curry,PG,35,GSW,18,602,23.2,0.671,0.624,0.349,2.4,13.6,7.9,24.5,1,0.6,14.1,31.6,,1.7,0.5,2.2,0.177,,8.1,-0.6,7.5,1.5
49,Harrison Barnes,PF,31,SAC,19,600,11.5,0.626,0.566,0.296,2.7,9,5.7,6.4,1.2,0.4,8.2,13.8,,0.8,0.3,1.1,0.089,,-0.5,-1.1,-1.6,0.1
50,Anthony Edwards,SG,22,MIN,17,597,20.2,0.582,0.337,0.305,2.6,14.9,9.3,24.3,1.8,1.2,12.5,32,,0.7,1.1,1.8,0.145,,3.1,1,4.1,0.9
51,Brook Lopez,C,35,MIL,20,596,17,0.625,0.513,0.186,5.2,12.4,9,6.1,1.3,7.7,8.1,16.7,,1,0.7,1.7,0.135,,1,1.2,2.2,0.6
52,Herbert Jones,SF,25,NOP,19,595,15.5,0.656,0.435,0.383,3.6,11,7.3,12.4,2.8,4.1,14.7,15.1,,1,0.8,1.8,0.145,,-0.4,2.1,1.7,0.6
53,Kyle Kuzma,PF,28,WAS,19,594,18.8,0.564,0.335,0.185,3.2,17.9,10.4,23.8,0.5,1.7,10.6,31.4,,0.3,0.1,0.4,0.035,,2.5,-2.4,0.1,0.3
54,Keldon Johnson,SF,24,SAS,18,591,15.2,0.571,0.414,0.228,3.8,18.9,11.1,18.6,1.1,0.8,8.1,20.1,,0.8,0.2,0.9,0.076,,0.5,-1.1,-0.6,0.2
55,Grayson Allen,SG,28,PHO,18,590,11.9,0.655,0.581,0.223,2.9,13,8.2,12.7,0.9,1,14.7,14,,0.8,0.4,1.2,0.101,,-0.4,-1.2,-1.6,0.1
56,Jonas Valančiūnas,C,31,NOP,22,590,20.6,0.64,0.186,0.302,9.7,27.2,18.4,12.6,0.7,4.5,9.6,19.5,,1.6,0.8,2.4,0.195,,1.5,0.5,2,0.6
57,Jaren Jackson Jr.,C,24,MEM,19,585,16.4,0.536,0.311,0.392,6.1,16.4,11.1,10.4,0.9,5.8,9.6,27.9,,0.2,0.8,1,0.08,,-0.9,-0.2,-1.1,0.1
58,Jordan Hawkins,SG,21,NOP,21,584,11.2,0.56,0.679,0.208,3,11.8,7.4,8.9,0.8,0,8.4,19.2,,0.4,0.4,0.8,0.068,,-0.7,-1.8,-2.5,-0.1
59,Malik Beasley,SG,27,MIL,20,583,12.9,0.647,0.729,0.068,2.4,13.9,8.4,6.8,1.6,0.4,8.1,14.5,,0.8,0.4,1.3,0.104,,0.6,-0.3,0.2,0.3
60,Tyrese Haliburton,PG,23,IND,17,583,29.1,0.674,0.502,0.277,2,11.5,6.7,47.6,1.4,1.4,10.5,26.8,,3.3,0.1,3.4,0.28,,11.2,-0.5,10.7,1.9
61,Deandre Ayton,C,25,POR,18,575,16.7,0.603,0,0.114,10.4,29,19.1,8,1.9,2,15.3,16.9,,0.5,1,1.4,0.119,,-1.3,0.5,-0.9,0.2
62,Aaron Gordon,PF,28,DEN,17,575,14.4,0.525,0.201,0.258,8.9,14.7,11.8,14.7,1.5,2.2,12.2,18.4,,0.3,0.7,1,0.085,,-0.4,-0.2,-0.6,0.2
63,De'Anthony Melton,SG,25,PHI,19,574,13.2,0.551,0.578,0.256,3.1,11.5,7.3,16.5,2.1,1.2,10.9,18.2,,0.6,0.6,1.2,0.101,,0.1,0.2,0.3,0.3
64,Chet Holmgren,C,21,OKC,19,570,21.8,0.651,0.362,0.33,6.9,21.2,14.6,12.7,1.5,6.9,12.6,22.2,,1.3,1.1,2.4,0.205,,3,2.2,5.2,1
65,De'Andre Hunter,SF,26,ATL,19,570,11.9,0.594,0.46,0.33,2.4,12.8,7.5,5.8,1.5,1.1,11.2,18.4,,0.6,0.2,0.8,0.063,,-1.6,-1,-2.6,-0.1
66,Eric Gordon,SG,35,PHO,18,568,13.3,0.602,0.589,0.065,1.5,6,3.8,14.3,1.6,1.5,10.9,18.8,,0.6,0.4,1,0.081,,0.6,-1.5,-0.9,0.2
67,Taurean Prince,PF,29,LAL,19,568,7.1,0.529,0.57,0.107,1.2,7.2,4.4,6.6,1,1.2,7.7,13,,-0.1,0.5,0.4,0.036,,-3.6,-0.4,-4,-0.3
68,Mitchell Robinson,C,25,NYK,19,567,16.3,0.557,0,0.4,20,19.5,19.7,2.4,2.6,4.4,14.5,9.3,,0.8,1.2,2,0.169,,-0.6,1,0.5,0.4
69,Klay Thompson,SF,33,GSW,19,567,10.8,0.545,0.579,0.181,2.2,11.5,6.8,11.6,0.7,1.7,12.2,23.1,,-0.1,0.4,0.4,0.03,,-0.8,-1.6,-2.4,-0.1
70,Dorian Finney-Smith,PF,30,BRK,18,566,12,0.618,0.679,0.019,7.1,11.2,9.2,6,0.8,1.9,9.6,13.4,,0.8,0.3,1.2,0.098,,0.4,-1,-0.6,0.2
71,Spencer Dinwiddie,PG,30,BRK,18,565,15.4,0.566,0.586,0.35,1.7,11.5,6.7,26.8,1,0.3,11.4,19.9,,1.2,0.3,1.5,0.126,,1.2,-1.1,0,0.3
72,Reggie Jackson,PG,33,DEN,21,565,15.2,0.593,0.377,0.123,1.6,8.4,5,23.3,1.4,1,12.7,21,,0.7,0.5,1.2,0.099,,0.7,-1,-0.3,0.2
73,Ausar Thompson,SF,21,DET,20,565,13.8,0.503,0.192,0.223,12.1,23.2,17.6,13.4,1.7,4.2,16.9,18.8,,-0.1,0.7,0.5,0.045,,-2.9,0.7,-2.2,0
74,Zion Williamson,PF,23,NOP,18,562,22.4,0.603,0.021,0.452,6.7,13.4,10.1,26.8,1.8,0.9,12.6,29.4,,1.1,0.6,1.7,0.147,,3.1,0.2,3.2,0.7
75,Mike Conley,PG,36,MIN,19,560,14.9,0.602,0.634,0.157,1.9,8.4,5.4,28.9,1.6,0.3,9.4,14,,1.4,0.8,2.2,0.189,,1.3,1.4,2.7,0.7
76,Dyson Daniels,PG,20,NOP,22,560,10.9,0.48,0.424,0.159,4.4,15.2,9.8,16.8,2.9,1.4,15.2,14.5,,-0.1,0.8,0.7,0.059,,-2.9,2,-0.9,0.2
77,Kyle Lowry,PG,37,MIA,19,557,13,0.624,0.677,0.165,3.4,13.4,8.3,19.9,2,0.9,14.9,13.2,,0.9,0.6,1.4,0.124,,-0.5,1.1,0.5,0.4
78,Jusuf Nurkić,C,29,PHO,20,557,17.6,0.55,0.263,0.358,12.5,24.6,18.8,20.6,1.9,4.1,16.7,20.5,,0.6,0.9,1.5,0.13,,-0.4,1.2,0.8,0.4
79,Alperen Şengün,C,21,HOU,17,556,22.6,0.589,0.173,0.261,9.1,21.4,15.4,28.9,1.4,2.2,12.4,27.6,,1.1,1,2.1,0.178,,3.9,2.1,6,1.1
80,Saddiq Bey,SF,24,ATL,19,554,14.6,0.638,0.506,0.22,7.1,15,10.9,5.5,1.8,0.5,10.7,15.1,,1,0.2,1.2,0.103,,1.1,-0.9,0.2,0.3
81,Zach Collins,C,26,SAS,19,554,13.6,0.587,0.387,0.286,7.2,16.2,11.5,19.5,1.2,2.3,19.1,20.9,,0.2,0.2,0.4,0.036,,-1.6,-0.6,-2.3,0
82,Joel Embiid,C,29,PHI,16,552,32,0.619,0.163,0.568,10.5,25.6,18,33.3,1.4,4.9,12.5,36,,2.4,0.8,3.2,0.28,,8.3,2.7,11,1.8
83,Jeremy Sochan,PG,20,SAS,19,551,10.9,0.531,0.221,0.226,5.5,15.6,10.4,21.5,1.2,0.7,18,19.4,,-0.1,0.1,0,0.004,,-3,-1.4,-4.4,-0.3
84,Derrick White,SG,29,BOS,17,551,16.3,0.629,0.559,0.353,2.3,10.1,6.4,22.6,1.6,2.3,14.4,18,,1.2,0.8,2,0.177,,1.4,1.9,3.4,0.8
85,Gordon Hayward,SF,33,CHO,17,548,13.3,0.508,0.205,0.262,3.5,14,8.6,19.7,1.8,1.3,11.7,20.5,,0.2,0.1,0.3,0.026,,-1.6,-0.9,-2.5,-0.1
86,Grant Williams,PF,25,DAL,19,547,9.6,0.582,0.721,0.211,4.3,9.8,7,7.6,0.4,1.7,9.6,13.8,,0.5,0.2,0.7,0.061,,-1.3,-1.6,-2.9,-0.1
87,Josh Hart,SF,28,NYK,19,545,11.8,0.555,0.436,0.113,3.9,20.3,11.9,12.5,1.7,1.1,12,12.4,,0.5,0.9,1.4,0.12,,-1.3,2.1,0.8,0.4
88,Jalen Green,SG,21,HOU,17,543,13.9,0.545,0.412,0.346,1.4,14,7.9,15.9,0.9,1.2,12.4,27.6,,-0.1,0.7,0.6,0.051,,-0.1,-0.7,-0.8,0.2
89,Jimmy Butler,PF,34,MIA,16,541,22.4,0.606,0.181,0.57,6.9,11.6,9.2,18.4,1.7,1.4,8.6,26.4,,1.6,0.5,2.1,0.189,,4,-0.7,3.3,0.7
90,Victor Wembanyama,PF,20,SAS,18,540,17.8,0.528,0.325,0.258,7.6,29.3,18,13.7,2.1,8.2,16.1,30.3,,-0.7,0.7,0,0,,-1.9,0.6,-1.3,0.1
91,Luguentz Dort,SF,24,OKC,19,538,11.3,0.588,0.544,0.268,4.7,10.8,8,6,1.6,2.6,10.2,14.9,,0.5,0.7,1.2,0.104,,-1.5,0.3,-1.2,0.1
92,Bam Adebayo,C,26,MIA,16,537,22.4,0.589,0.012,0.443,6.9,27.7,17.1,19.2,1.7,2.9,11.4,28,,1,0.8,1.7,0.156,,1.7,1.2,2.9,0.7
93,P.J. Washington,PF,25,CHO,17,537,12.2,0.534,0.486,0.164,4.1,14.9,9.3,10.4,1,2.7,10.2,20.1,,0.1,0.1,0.2,0.021,,-1.4,-1.6,-3,-0.1
94,Jordan Clarkson,SG,31,UTA,17,536,12.5,0.516,0.368,0.229,4.2,7.3,5.7,24.9,1.3,0.3,15.6,26.7,,-0.1,0.1,0,0.004,,-1.1,-3.4,-4.5,-0.3
95,Jaime Jaquez Jr.,SF,22,MIA,20,534,14.6,0.61,0.333,0.158,4.9,11.9,8.3,14.3,2,0.7,12.9,18.5,,0.6,0.5,1.1,0.102,,-0.7,0,-0.7,0.2
96,Royce O'Neale,SF,30,BRK,18,534,10.6,0.55,0.847,0.046,2.6,16.3,9.7,14.5,1.4,2.7,11.9,12.1,,0.5,0.5,1,0.091,,-0.7,1.4,0.7,0.4
97,Jakob Poeltl,C,28,TOR,20,533,19.4,0.712,0,0.243,10.9,23.9,17.2,12.9,1.5,3.4,17.6,15.3,,1,0.9,1.9,0.17,,0.2,1.9,2.1,0.6
98,Donovan Mitchell,SG,27,CLE,15,532,22.6,0.573,0.397,0.289,3.4,12.7,8.2,24.5,2.8,1.2,9.7,32.1,,0.9,0.8,1.7,0.154,,4.4,1.4,5.8,1
99,Duncan Robinson,SF,29,MIA,18,532,13.9,0.65,0.641,0.13,1.1,9.1,5,13.7,0.6,0.5,8.1,18.3,,1,0.3,1.3,0.114,,1.1,-1.6,-0.5,0.2
100,Jordan Poole,SG,24,WAS,18,529,10.5,0.504,0.431,0.25,1.8,8.5,5.1,16.7,1.8,1.1,14.3,28.4,,-0.9,0.1,-0.8,-0.07,,-4.1,-2.9,-6.9,-0.7
101,Jalen Williams,PF,22,OKC,16,524,15.2,0.602,0.243,0.311,1.1,11.8,6.9,16.9,1.1,0.9,11.4,21.8,,0.7,0.6,1.3,0.121,,-0.3,-0.3,-0.6,0.2
102,Dillon Brooks,SF,28,HOU,17,522,10.3,0.603,0.402,0.237,2.6,9.2,6,8.3,1.5,0.2,13.9,18.4,,0.2,0.7,0.8,0.078,,-3.2,0.2,-3,-0.1
103,Keyonte George,PG,20,UTA,20,521,9.9,0.486,0.542,0.311,2.4,11.4,6.8,26.9,0.9,0.3,16.9,20.6,,-0.1,0.1,0.1,0.007,,-1.9,-2.5,-4.4,-0.3
104,Patrick Williams,PF,22,CHI,21,518,10.7,0.509,0.434,0.211,4.5,13.5,8.7,7.2,2,3.9,12.6,16.2,,-0.2,0.5,0.3,0.028,,-2.9,0.1,-2.8,-0.1
105,Myles Turner,C,27,IND,19,517,19.3,0.605,0.358,0.319,7.6,26,16.8,6.5,1.1,5.5,9.4,22.9,,0.9,0.4,1.3,0.119,,0.8,-0.7,0,0.3
106,Cole Anthony,PG,23,ORL,20,515,16.5,0.578,0.351,0.419,5.1,15.5,10.2,20.7,1.4,1.8,13.5,24.7,,0.7,0.8,1.5,0.138,,0.5,0.4,0.9,0.4
107,Jabari Smith Jr.,PF,20,HOU,17,513,14.3,0.601,0.455,0.129,5.5,22.6,14.2,7.2,1.1,2.6,10.5,18.1,,0.4,0.9,1.3,0.123,,-0.7,0.8,0.1,0.3
108,De'Aaron Fox,PG,26,SAC,14,512,23.4,0.584,0.367,0.364,2.9,11.7,7.1,30.9,2.1,0.8,8.1,32.7,,1.3,0.4,1.7,0.16,,4.7,-0.8,3.9,0.8
109,Lauri Markkanen,PF,26,UTA,15,512,21.7,0.625,0.508,0.298,7.5,20.6,13.8,5.2,1.6,2.3,6.6,24.6,,1.4,0.4,1.8,0.171,,4.7,-1.4,3.3,0.7
110,Jalen Suggs,SG,22,ORL,19,511,14.1,0.582,0.454,0.292,2.9,12.7,7.7,14.7,3.4,2,16.1,20.4,,0.2,1,1.2,0.111,,-1.8,2.5,0.7,0.3
111,Killian Hayes,PG,22,DET,19,510,12.5,0.499,0.315,0.179,1.1,10.6,5.8,22.5,2.2,2.1,7.6,16,,0.4,0.4,0.7,0.07,,-1.7,1.2,-0.5,0.2
112,OG Anunoby,SF,26,TOR,16,509,12.4,0.575,0.526,0.153,3.5,10.8,7,9.6,1.7,2,12.1,19.1,,0.1,0.6,0.7,0.068,,-0.7,0.3,-0.4,0.2
113,Tyus Jones,PG,27,WAS,19,509,14.7,0.558,0.335,0.073,1.3,10.1,5.6,24.6,1.6,0.3,6.1,16.2,,0.8,0.1,0.8,0.077,,-0.2,-1.2,-1.4,0.1
114,Russell Westbrook,PG,35,LAC,19,507,15.2,0.494,0.246,0.261,6.3,20.4,13.5,29,2.4,1.1,16,23.3,,-0.1,0.9,0.8,0.076,,-0.8,1.3,0.5,0.3
115,Deni Avdija,SF,23,WAS,19,506,16,0.612,0.297,0.2,5.3,16.2,10.7,18.8,1.6,0.8,12.4,18.1,,0.8,0.2,1,0.092,,0.5,-0.8,-0.4,0.2
116,Bogdan Bogdanović,SG,31,ATL,19,504,16.3,0.593,0.618,0.104,1.5,11.6,6.4,12.6,2.6,1.2,9,22.3,,0.7,0.3,1,0.098,,1.7,0,1.7,0.5
117,Kevin Huerter,SG,25,SAC,18,502,14.4,0.585,0.63,0.083,2.8,16.6,9.4,15.6,1.3,1,7.4,18.2,,0.7,0.4,1.1,0.106,,1.3,-0.4,0.9,0.4
118,LaMelo Ball,PG,22,CHO,15,501,20.7,0.568,0.45,0.211,4.8,13.3,8.9,39.3,2,0.7,15.3,32.5,,0.7,0.1,0.8,0.078,,4.6,-1,3.5,0.7
119,Darius Garland,PG,24,CLE,15,501,14.4,0.563,0.317,0.295,1.8,6.8,4.4,26.9,2.2,0.7,20,27.8,,-0.2,0.5,0.3,0.028,,-1,-1.4,-2.4,0
120,Josh Giddey,SG,21,OKC,19,500,12.1,0.477,0.185,0.119,6.9,16.2,12,22.4,1.3,1.7,17.6,25,,-0.7,0.7,0,0.004,,-2.2,-0.9,-3.1,-0.1
121,Kyrie Irving,SG,31,DAL,15,500,20.5,0.564,0.365,0.205,2.1,11.4,6.7,26.6,1.5,0.8,6.5,28.5,,1.1,0.3,1.4,0.133,,3.9,-1,2.9,0.6
122,Brandon Miller,SF,21,CHO,16,497,12,0.556,0.37,0.177,4.2,10.2,7.1,9.1,1,1.4,8.8,19.3,,0.4,0,0.3,0.034,,-1.3,-2,-3.3,-0.2
123,Andrew Wiggins,SF,28,GSW,18,490,8.7,0.492,0.286,0.257,7.5,9.6,8.6,6.6,0.6,1.3,12,22.7,,-0.5,0.3,-0.2,-0.016,,-4.1,-2.5,-6.5,-0.6
124,Ivica Zubac,C,26,LAC,19,490,18.5,0.638,0,0.387,13.6,24.2,19,4.9,0.2,5.2,12.5,17.6,,0.9,0.8,1.7,0.166,,-0.4,-0.5,-0.9,0.1
125,Mark Williams,C,22,CHO,18,488,22.8,0.679,0,0.435,16,24.7,20.2,6.2,1.5,3.3,8.4,16.6,,1.7,0.3,2,0.195,,2.1,-1.2,1,0.4
126,Caris LeVert,SG,29,CLE,16,486,12.7,0.506,0.408,0.235,1.6,11.3,6.6,17.1,1.6,1.1,8.6,22.9,,0,0.5,0.6,0.055,,-1.9,-0.1,-2,0
127,Keegan Murray,SF,23,SAC,15,485,10.8,0.501,0.578,0.108,5.3,15.5,10.2,8.1,1.8,1.4,8.5,18.5,,-0.1,0.5,0.4,0.038,,-2.1,-1.1,-3.2,-0.1
128,Chris Paul,PG,38,GSW,18,483,15.4,0.518,0.448,0.196,1.1,13.3,7.1,37.7,2.7,0.2,11.4,15.2,,0.9,0.6,1.5,0.149,,0.3,1.8,2.1,0.5
129,Buddy Hield,SF,31,IND,19,479,14.3,0.603,0.675,0.053,2.6,10.4,6.5,13.3,1.4,1.7,11.6,20.8,,0.5,0.1,0.6,0.056,,2.1,-1.9,0.2,0.3
130,Bobby Portis,PF,28,MIL,20,478,14.7,0.537,0.26,0.168,6.3,23.5,15.3,7,1.7,1.7,7.9,20.3,,0.2,0.6,0.8,0.081,,-1.9,-0.6,-2.6,-0.1
131,Al Horford,C,37,BOS,18,477,13.6,0.605,0.613,0.066,6.9,19.1,13.3,14.1,0.9,3.5,14.2,11.5,,0.7,0.8,1.6,0.158,,0.4,2.7,3.1,0.6
132,Bilal Coulibaly,SF,19,WAS,18,474,10.1,0.624,0.426,0.222,1.8,13.9,7.7,7.7,1.9,2.2,18,12.8,,0,0.2,0.2,0.024,,-2.5,-0.5,-3,-0.1
133,Toumani Camara,PF,23,POR,19,473,8.9,0.513,0.476,0.257,7.4,11.2,9.2,6,1.9,2.3,14.6,12.3,,0,0.5,0.5,0.054,,-4,0.6,-3.4,-0.2
134,Malik Monk,SG,25,SAC,19,473,17,0.598,0.565,0.282,2.5,10.7,6.4,27.3,1.5,1.6,15.5,24.9,,0.6,0.4,1,0.103,,3.2,-0.9,2.3,0.5
135,Obi Toppin,PF,25,IND,19,473,16.8,0.701,0.401,0.21,3.9,10,7,6.7,1.3,1.9,7.8,16.7,,1.2,0.1,1.2,0.126,,2,-1.6,0.4,0.3
136,James Harden,SG,34,LAC,14,472,17.8,0.64,0.586,0.421,1.2,12.9,7.1,26.7,2.3,1.2,14.9,18.4,,1.1,0.7,1.7,0.176,,2.3,1.4,3.8,0.7
137,Bennedict Mathurin,SF,21,IND,19,470,12.7,0.544,0.316,0.262,5.1,12.6,8.8,9.8,1.1,0.5,9.8,22.3,,0.2,0,0.3,0.028,,-1.2,-3.1,-4.2,-0.3
138,Josh Richardson,SG,30,MIA,17,470,11.5,0.57,0.49,0.186,2.2,9,5.5,16,1,1,11.3,16.6,,0.4,0.3,0.7,0.073,,-1.8,-0.9,-2.7,-0.1
139,Tim Hardaway Jr.,SF,31,DAL,17,468,14.5,0.576,0.654,0.16,1.4,11.9,6.6,8.6,0.4,0,5.4,23.6,,0.6,0.1,0.7,0.07,,1.8,-3.2,-1.4,0.1
140,Clint Capela,C,29,ATL,19,466,21.4,0.583,0,0.301,19.9,25.3,22.5,5.9,1.4,6,8.5,16.5,,1.2,0.5,1.6,0.169,,1.6,-0.6,1,0.3
141,Kevon Looney,C,27,GSW,20,464,15.4,0.612,0,0.329,13.1,26.6,19.8,16.4,1.6,1.3,16.8,10.2,,1,0.7,1.6,0.168,,-0.2,1.9,1.7,0.4
142,Immanuel Quickley,SG,24,NYK,19,464,17,0.572,0.463,0.262,0.9,13.4,7,18.8,1,0.4,7.9,25.4,,0.9,0.6,1.5,0.154,,2.2,0.2,2.4,0.5
143,Kyle Anderson,PF,30,MIN,19,459,12.6,0.55,0.113,0.415,3.9,12.7,8.7,22.6,1.7,2.8,19.8,14.8,,0.2,0.9,1.1,0.116,,-1.3,2.8,1.5,0.4
144,Sam Hauser,SF,26,BOS,20,458,14.3,0.683,0.881,0.056,4.4,11.9,8.4,5.2,1.1,1.4,7.6,14.9,,0.9,0.6,1.6,0.163,,2.4,0.7,3.1,0.6
145,Josh Green,SG,23,DAL,18,454,8.8,0.532,0.578,0.156,2.3,10.1,6.2,12.2,1.8,0.6,12.7,12.5,,0.1,0.3,0.4,0.042,,-3.1,-0.2,-3.4,-0.2
146,Kristaps Porziņģis,C,28,BOS,15,454,21.8,0.663,0.413,0.447,5.5,17.4,11.8,9.5,1.1,4.9,8.1,22.2,,1.4,0.8,2.2,0.236,,3.1,2.6,5.8,0.9
147,Norman Powell,SG,30,LAC,19,451,13.3,0.632,0.481,0.31,1,7.6,4.3,6.1,1.4,1.8,10,19,,0.6,0.5,1,0.111,,-0.4,-0.2,-0.6,0.2
148,David Roddy,PF,22,MEM,19,451,9.8,0.511,0.419,0.115,4.7,15.2,9.7,7,1.3,1.8,9.9,16.3,,-0.1,0.5,0.4,0.04,,-3.4,-0.7,-4.1,-0.2
149,Torrey Craig,SF,33,CHI,21,449,10.5,0.534,0.52,0.13,8.7,17.4,12.8,7.3,1.3,2.1,11.7,11.8,,0.3,0.4,0.7,0.073,,-2.8,-0.3,-3,-0.1
150,Jalen Johnson,SF,22,ATL,15,449,17.3,0.673,0.28,0.231,4.7,22.3,13.3,11.1,1.8,2.9,16,17,,0.7,0.3,1.1,0.115,,1.3,0.9,2.2,0.5
151,Nickeil Alexander-Walker,SG,25,MIN,19,447,9.5,0.521,0.641,0.094,2.2,7.6,5.1,15.4,2,2.7,14.1,13.8,,0,0.8,0.8,0.086,,-2.1,2.4,0.3,0.3
152,Georges Niang,PF,30,CLE,20,447,9.2,0.536,0.593,0.087,1.5,17.3,9.6,7.4,0.8,0.4,6.6,16.2,,0.1,0.5,0.6,0.065,,-2.8,-0.2,-3,-0.1
153,Talen Horton-Tucker,PG,23,UTA,20,446,11,0.475,0.426,0.148,2.4,12,7.1,29.4,2.1,1.8,16.3,21.6,,-0.2,0.3,0.2,0.017,,-2.3,-0.3,-2.7,-0.1
154,Derrick Jones Jr.,SF,26,DAL,19,445,13.3,0.628,0.594,0.181,5,11.8,8.3,5.9,1.2,2.5,11.3,16,,0.5,0.3,0.8,0.087,,0.3,-1.1,-0.8,0.1
155,Josh Okogie,SG,25,PHO,20,442,12.3,0.567,0.439,0.592,9.5,9.4,9.5,6.8,2.1,1.7,12.7,13.8,,0.5,0.4,0.9,0.1,,-1.3,-0.3,-1.5,0
156,Onyeka Okongwu,C,23,ATL,19,442,16.6,0.656,0.196,0.449,11.6,19.8,15.6,7.9,1.1,3,10.5,13.2,,1.2,0.2,1.4,0.153,,0.3,-0.3,-0.1,0.2
157,Jarrett Allen,C,25,CLE,15,441,20.3,0.718,0,0.458,12.2,17.5,15,11.8,0.9,3.4,15.3,16.7,,1.3,0.6,1.8,0.201,,1.2,0.7,1.9,0.4
158,Christian Braun,SG,22,DEN,21,438,13.4,0.549,0.221,0.24,4.8,17.5,11.2,12.6,0.9,1,8.1,18.2,,0.5,0.4,0.9,0.098,,-1,-0.9,-2,0
159,Gary Trent Jr.,SG,25,TOR,17,438,9.2,0.502,0.509,0.173,0.9,7.7,4.2,7.1,1.6,0.4,5.6,19,,-0.1,0.4,0.3,0.031,,-3.1,-0.4,-3.5,-0.2
160,Dario Šarić,C,29,GSW,20,433,16.7,0.59,0.521,0.233,7.3,21.6,14.3,17,1.6,1.2,10.5,19.4,,0.8,0.5,1.3,0.148,,1.7,0.9,2.6,0.5
161,Matisse Thybulle,SF,26,POR,19,431,11.3,0.632,0.787,0.09,1.5,7,4.1,7.3,3.1,3.1,13.1,10.5,,0.3,0.6,0.9,0.097,,-1.8,2.7,0.9,0.3
162,Daniel Gafford,C,25,WAS,17,427,18.5,0.707,0,0.386,11.2,21.5,16.3,8.4,1.2,6.7,14.5,13.6,,1,0.4,1.3,0.15,,-0.9,0.4,-0.5,0.2
163,Dereck Lively II,C,19,DAL,17,427,17.3,0.717,0.022,0.3,12.7,21,16.8,6.8,1.1,5.2,15.7,12,,1,0.5,1.5,0.166,,-1.1,0.2,-0.9,0.1
164,Christian Wood,PF,28,LAL,21,425,9.6,0.545,0.452,0.391,4.9,25.3,15.7,5.4,0.5,2.5,16.7,16.6,,-0.3,0.6,0.3,0.038,,-4.1,-0.7,-4.8,-0.3
165,Alex Caruso,SG,29,CHI,18,421,17.4,0.697,0.575,0.239,5,10.9,7.8,14.8,3,3.5,16.1,15.6,,0.8,0.5,1.3,0.147,,1.9,2.3,4.2,0.6
166,Pat Connaughton,SF,31,MIL,18,416,8.7,0.546,0.656,0.133,3.3,12.8,8.3,10.6,1,0.6,12.8,11.2,,0.2,0.2,0.5,0.053,,-1.8,-0.6,-2.4,0
167,Cason Wallace,SG,20,OKC,19,416,12.8,0.727,0.435,0.141,3.2,8.3,5.9,8.2,1.2,1.6,9.3,11.2,,0.9,0.4,1.3,0.147,,0.3,0.3,0.6,0.3
168,Collin Sexton,SG,25,UTA,20,414,15.4,0.578,0.362,0.351,4.6,9.2,6.8,24.6,0.9,0.9,15.9,25.7,,0.5,0.1,0.6,0.07,,0.9,-2.1,-1.3,0.1
169,Corey Kispert,SF,24,WAS,18,412,11.6,0.597,0.635,0.25,2.3,9.8,6,9.3,0.9,0,9.4,18.5,,0.3,0,0.3,0.034,,-1,-2.8,-3.8,-0.2
170,RJ Barrett,SG,23,NYK,14,410,14.9,0.545,0.344,0.321,1.8,12.1,6.8,15,0.9,0.7,10.5,27.6,,0.3,0.5,0.8,0.093,,0,-0.9,-0.9,0.1
171,Aaron Nesmith,SF,24,IND,17,410,14.5,0.673,0.52,0.252,4.2,11,7.6,5,1.9,1.8,6.6,15.2,,0.8,0.1,1,0.112,,0.5,-0.8,-0.3,0.2
172,Payton Pritchard,PG,26,BOS,20,410,10.8,0.493,0.633,0.108,5.2,11.1,8.3,18.7,0.8,0,8,14.4,,0.4,0.5,0.9,0.109,,-1.2,0.5,-0.8,0.1
173,Malcolm Brogdon,PG,31,POR,14,409,19.2,0.527,0.358,0.248,3.9,13,8.2,38.1,1.6,0.7,9.7,27.9,,0.6,0.4,1,0.116,,3.9,-0.2,3.7,0.6
174,Naz Reid,C,24,MIN,19,406,17.9,0.639,0.462,0.185,5.3,14.6,10.4,5.1,1.7,2.3,10.1,22.3,,0.6,0.8,1.4,0.163,,1.8,1,2.8,0.5
175,Cam Reddish,SF,24,LAL,17,403,10.3,0.543,0.47,0.28,2.3,9.7,6.2,6.3,3,1.1,8.2,13.2,,0.1,0.6,0.7,0.08,,-3.2,1.6,-1.6,0
176,Ochai Agbaji,SG,23,UTA,20,402,9.9,0.583,0.615,0.063,4.7,10,7.3,7.6,1.5,2.7,13.2,11.7,,0.3,0.2,0.5,0.057,,-1.5,-0.2,-1.6,0
177,Kelly Olynyk,C,32,UTA,19,400,16.5,0.721,0.395,0.384,9.5,19.3,14.3,25,1.9,0.9,26.9,14.2,,0.8,0.3,1.2,0.138,,0.6,1,1.6,0.4
178,Isaiah Joe,SG,24,OKC,19,397,16.1,0.662,0.796,0.169,0.6,11.8,6.6,7.9,1.9,1.4,5.6,17.6,,0.8,0.5,1.3,0.162,,3.1,0.7,3.8,0.6
179,Devin Vassell,SG,23,SAS,14,394,17.5,0.625,0.5,0.231,1.6,11.5,6.4,15.3,1.7,0.2,9.3,24,,0.6,0.1,0.7,0.079,,2.3,-1.3,1.1,0.3
180,Quentin Grimes,SG,23,NYK,17,393,6.3,0.508,0.814,0.029,1.1,5.2,3.1,7.2,1.7,0,8,12.1,,0.1,0.4,0.5,0.063,,-3.6,1,-2.6,-0.1
181,Malaki Branham,SG,20,SAS,19,392,7.3,0.491,0.4,0.058,1.1,6.5,3.7,15,1,0.5,12.2,19.3,,-0.4,0,-0.4,-0.052,,-4.4,-2.6,-7,-0.5
182,Moritz Wagner,C,26,ORL,20,389,21.6,0.71,0.222,0.361,9.1,16.4,12.7,10.3,1.1,2.1,13.3,22.7,,1.1,0.6,1.7,0.21,,2.5,0.7,3.2,0.5
183,Donte DiVincenzo,SG,27,NYK,19,388,14.1,0.586,0.702,0.121,4.1,11.3,7.6,12.2,2.3,1.5,12.4,18.6,,0.4,0.6,1,0.126,,1.1,1.4,2.5,0.4
184,Tre Jones,PG,24,SAS,16,383,11.7,0.512,0.31,0.204,2.8,11.2,6.9,28.7,1.5,0.9,16.3,16.1,,0.2,0.1,0.3,0.032,,-2,-1.1,-3.2,-0.1
185,Ziaire Williams,SF,22,MEM,17,380,9.1,0.515,0.489,0.18,3.3,19.8,11.2,9,1.1,1.3,13.8,18.6,,-0.3,0.4,0.2,0.022,,-4,-0.6,-4.6,-0.3
186,Joe Ingles,SF,36,ORL,20,378,11.5,0.571,0.63,0.16,2.7,13.2,7.9,23.8,2.1,0.5,18,11.7,,0.4,0.6,1,0.124,,-1.4,2,0.6,0.2
187,Devin Booker,SG,27,PHO,11,376,25.7,0.61,0.274,0.425,3.5,15.4,9.8,43.3,1.1,1.1,11.3,32.6,,1.5,0.3,1.8,0.229,,5.9,-1.2,4.7,0.6
188,Jonathan Kuminga,PF,21,GSW,19,376,11.2,0.528,0.263,0.419,3.9,12.3,8,7.9,1.3,1.6,11.6,24.9,,-0.2,0.3,0.2,0.022,,-3.4,-1.1,-4.5,-0.2
189,Moses Moody,SG,21,GSW,20,376,15.9,0.611,0.5,0.242,6.7,12.6,9.6,9.1,2.1,1.4,7.2,17,,0.7,0.4,1.1,0.141,,1.4,0.6,2,0.4
190,Jalen Duren,C,20,DET,13,374,17,0.627,0.017,0.235,13.4,28.3,20.8,14.1,1,3.9,22.1,18.1,,0.2,0.4,0.7,0.083,,-1.4,1,-0.4,0.2
191,Marcus Sasser,PG,23,DET,20,371,13.8,0.573,0.482,0.064,0.9,10.7,5.8,22.6,1.8,0.7,9.9,18.1,,0.5,0.2,0.7,0.087,,-0.2,-0.1,-0.3,0.2
192,Jaden Ivey,SG,21,DET,16,369,13.2,0.607,0.374,0.359,3.8,9,6.4,18.7,1.4,1.3,17.9,20.9,,0.3,0.2,0.4,0.057,,-1.4,-0.9,-2.3,0
193,Cedi Osman,SF,28,SAS,19,369,11,0.59,0.579,0.111,2.6,9.1,5.8,10.8,1,1,8.3,16.4,,0.3,0,0.3,0.042,,-1.3,-1.7,-2.9,-0.1
194,Lonnie Walker IV,SG,25,BRK,17,362,18.6,0.633,0.528,0.211,0.9,11.9,6.5,11.9,1.4,1.8,11.3,26.1,,0.6,0.3,0.8,0.112,,3.5,-0.8,2.8,0.4
195,Goga Bitadze,C,24,ORL,18,359,17.6,0.596,0.048,0.482,12,22.6,17.3,12.2,1.9,6.6,11.4,13.3,,0.7,0.8,1.5,0.198,,-0.4,3.1,2.7,0.4
196,Bismack Biyombo,C,31,MEM,14,356,13.4,0.601,0,0.462,11.3,19.5,15.2,11.2,0.8,5.3,17.9,11.4,,0.4,0.5,0.9,0.121,,-3,1.3,-1.7,0
197,Robert Covington,SF-PF,33,TOT,19,356,15.3,0.597,0.597,0.273,8.1,13.3,10.7,6.4,4,3.8,6.5,10.9,,0.6,0.6,1.3,0.172,,0.7,3,3.7,0.5
198,Santi Aldama,PF,23,MEM,13,354,14.9,0.535,0.465,0.145,5.7,20.6,12.8,11.7,1.4,2.5,8.6,22.2,,0.1,0.5,0.5,0.073,,0.4,0,0.4,0.2
199,Cameron Johnson,PF,27,BRK,12,351,16.6,0.582,0.531,0.166,7.4,13.8,10.6,14.2,1.4,0.3,9.9,21,,0.6,0.3,0.9,0.123,,2.4,-1.1,1.3,0.3
200,Terance Mann,SG,27,LAC,13,346,9,0.484,0.432,0.16,5.1,10.8,8,10.7,1.6,1.3,9.4,11.9,,0.1,0.4,0.5,0.069,,-3.3,0.5,-2.8,-0.1
201,Patrick Beverley,PG,35,PHI,19,345,11,0.544,0.5,0.222,5.8,13.7,9.8,17.8,1.4,1.6,14.1,11.2,,0.4,0.3,0.7,0.103,,-1.3,0.6,-0.7,0.1
202,Anthony Black,PG,20,ORL,18,344,6.4,0.547,0.353,0.294,3.3,10.4,6.8,10.3,0.7,1.9,19.8,11.7,,-0.1,0.4,0.4,0.049,,-4.8,0.4,-4.4,-0.2
203,Cameron Payne,PG,29,MIL,20,344,11.1,0.634,0.586,0.081,0.3,8.2,4.5,17.8,1.1,0.5,13.5,14.7,,0.5,0.2,0.7,0.091,,-1.7,-0.9,-2.6,-0.1
204,Marvin Bagley III,C,24,DET,19,343,18.6,0.635,0.039,0.362,11.1,18,14.5,10.4,0.3,2.9,13,20.6,,0.7,0.2,0.9,0.123,,0.7,-1.2,-0.5,0.1
205,Jordan Goodwin,PG,25,PHO,20,342,13.4,0.5,0.483,0.136,7.8,17,12.6,17.2,2.2,1.5,10.7,17.7,,0.2,0.4,0.6,0.088,,-0.1,0.3,0.2,0.2
206,Drew Eubanks,C,26,PHO,19,340,15.3,0.64,0.023,0.349,9.6,19,14.5,12,0.4,5.2,16.8,15.1,,0.6,0.4,0.9,0.13,,-1.7,0.1,-1.6,0
207,Ayo Dosunmu,SG,24,CHI,19,334,12.7,0.615,0.457,0.196,2.9,7.8,5.2,14.1,2,0.6,11.5,14.9,,0.4,0.2,0.6,0.09,,-1.8,0,-1.9,0
208,Haywood Highsmith,PF,27,MIA,15,334,10.1,0.553,0.598,0.159,3,11.3,7.1,9.3,2.5,3.2,14.6,13.5,,0,0.4,0.4,0.064,,-2.7,1.5,-1.2,0.1
209,Khris Middleton,SF,32,MIL,16,333,16.9,0.556,0.391,0.205,3.8,17.5,11,26.9,1.7,0.3,13.3,25,,0.4,0.3,0.7,0.094,,0.4,-0.5,0,0.2
210,Keita Bates-Diop,SF,28,PHO,17,332,12.5,0.525,0.381,0.357,6.5,13.2,10,6.2,1.8,3.5,4,13.2,,0.4,0.4,0.7,0.107,,-1.1,-0.1,-1.3,0.1
211,Malachi Flynn,PG,25,TOR,20,331,10.1,0.535,0.576,0.174,2.8,10.8,6.7,17.3,1.9,1,16.1,15,,0.1,0.4,0.4,0.062,,-3,0.7,-2.3,0
212,Jabari Walker,SF,21,POR,19,330,13.1,0.525,0.333,0.254,9,23.4,15.8,5.7,2.2,2.2,12.4,18.7,,0,0.5,0.5,0.075,,-3.5,0.2,-3.3,-0.1
213,Marcus Smart,PG,29,MEM,11,329,10.6,0.534,0.513,0.176,1,8.5,4.5,25.6,3.2,1.2,22.4,21.3,,-0.4,0.5,0.1,0.011,,-4.4,0.6,-3.9,-0.1
214,Terry Rozier,SG,29,CHO,9,324,17.5,0.558,0.325,0.217,1.6,9.8,5.5,28,1.3,0.8,11.2,26.8,,0.4,0,0.4,0.056,,1.9,-2.5,-0.6,0.1
215,Isaiah Hartenstein,C,25,NYK,19,322,16,0.597,0.041,0.411,15.3,16.8,16,7.5,2.8,2.7,14.8,13.3,,0.5,0.6,1.2,0.176,,-2.1,2,-0.1,0.2
216,Cam Thomas,SG,22,BRK,10,322,20,0.563,0.321,0.249,0.7,11.8,6.4,12.1,1.1,1.7,5.3,32.4,,0.5,0.2,0.7,0.105,,1.8,-1.4,0.3,0.2
217,Simone Fontecchio,SF,28,UTA,18,319,10.8,0.578,0.706,0.073,4.7,10.9,7.7,9.6,1.1,2,13.8,16.9,,0.2,0.1,0.3,0.046,,-0.5,-1.4,-1.8,0
218,Walker Kessler,C,22,UTA,13,318,17,0.587,0.118,0.204,13.7,21.8,17.6,4.2,0.5,9.1,12.9,15.1,,0.3,0.4,0.7,0.104,,-1.1,0.3,-0.8,0.1
219,Gary Harris,SG,29,ORL,15,313,13,0.618,0.716,0.193,2.9,7,4.9,11.9,2,1.2,7.7,13.9,,0.5,0.4,0.9,0.143,,0.3,1.2,1.5,0.3
220,Shake Milton,SG,27,MIN,19,309,7.6,0.472,0.381,0.361,1.6,10.9,6.6,12.7,2.2,0.8,15.1,18.7,,-0.4,0.6,0.2,0.032,,-6,1.3,-4.8,-0.2
221,Nicolas Batum,PF,35,TOT,13,308,12.3,0.774,0.813,0.083,4.3,12.8,8.6,8.7,1.4,3.2,12.3,7.8,,0.6,0.3,0.9,0.142,,0.7,1.1,1.8,0.3
222,CJ McCollum,PG,32,NOP,9,308,20.1,0.568,0.48,0.243,2.5,11,6.7,26.4,2.3,2.9,7.4,24.5,,0.6,0.4,1,0.157,,3.5,1.3,4.8,0.5
223,Jevon Carter,PG,28,CHI,21,304,8.5,0.502,0.605,0.009,0.7,3.9,2.2,12.2,1.8,2.1,10.9,18.7,,-0.2,0.1,-0.1,-0.011,,-3.2,-0.9,-4.1,-0.2
224,Matt Ryan,SF,26,NOP,13,298,10.1,0.679,0.819,0.169,1.8,9.2,5.5,6.3,0.8,0.3,15.2,15,,0.3,0.2,0.5,0.074,,-0.6,-1.4,-2,0
225,Day'Ron Sharpe,C,22,BRK,19,298,17.6,0.596,0.047,0.477,15.6,27.2,21.6,6.9,1.1,3.9,16.1,17.8,,0.4,0.4,0.9,0.138,,-1.9,-0.2,-2,0
226,Jae'Sean Tate,SF,28,HOU,16,296,13.6,0.601,0.425,0.137,6.1,15.9,11.1,9.3,2.9,1.6,6.1,12.3,,0.5,0.6,1,0.167,,-1.6,3.3,1.7,0.3
227,Draymond Green,PF,33,GSW,12,294,15.8,0.62,0.414,0.276,5.4,18.6,11.9,30.9,1,2.4,20.4,17.5,,0.5,0.3,0.8,0.137,,1.6,1.7,3.3,0.4
228,Andrew Nembhard,PG,24,IND,16,294,11.2,0.491,0.339,0.083,3.5,7.9,5.7,27.7,2.2,0,16.3,18.9,,0.1,0.1,0.1,0.021,,-2.5,-1.7,-4.2,-0.2
229,Max Christie,SG,20,LAL,16,293,6.8,0.504,0.467,0.16,1.2,15.4,8.7,7.7,1.1,1.2,13,13.7,,-0.2,0.3,0.1,0.021,,-4.7,-0.3,-5,-0.2
230,Miles Bridges,SF,25,CHO,8,290,17.6,0.613,0.305,0.305,2.5,19.1,10.5,11.1,1.7,0.9,8.9,21.4,,0.5,0.1,0.6,0.1,,0.9,-0.9,0,0.2
231,Peyton Watson,SF,21,DEN,19,285,10.5,0.537,0.26,0.219,3.1,10.9,7,6.2,1.7,5.6,12.1,13.8,,0,0.4,0.4,0.06,,-3.6,1,-2.6,0
232,Doug McDermott,SF,32,SAS,17,283,10.9,0.661,0.747,0.076,1.1,6.6,3.8,15,1,0.6,12.8,13.8,,0.3,0,0.3,0.055,,-0.5,-1.5,-2,0
233,Paul Reed,C,24,PHI,19,280,16.5,0.63,0.114,0.101,13.5,19.3,16.4,10.1,1.7,3.8,16.2,14.8,,0.5,0.4,0.9,0.146,,-0.3,0.5,0.2,0.2
234,JT Thor,PF,21,CHO,17,280,7.6,0.502,0.532,0.065,5.3,14.1,9.5,4.5,0.7,1.6,5.9,10.2,,0.1,0,0.1,0.016,,-3.2,-1.6,-4.8,-0.2
235,Rui Hachimura,PF,25,LAL,12,279,15.2,0.611,0.34,0.272,5,12.5,9,6.4,1.9,0.9,9.4,19.9,,0.3,0.3,0.6,0.109,,-0.3,-0.2,-0.5,0.1
236,Andre Drummond,C,30,CHI,21,277,21.5,0.553,0.011,0.484,20.7,35,27.4,7.2,3.8,2.7,16.6,21.1,,0.3,0.6,0.8,0.141,,-0.8,-0.2,-1,0.1
237,Naji Marshall,SF,26,NOP,13,277,15.3,0.608,0.457,0.383,7,17,12,14.1,1.9,1.4,15.2,17.2,,0.4,0.3,0.7,0.126,,0.2,0.1,0.3,0.2
238,Skylar Mays,PG,26,POR,14,273,13.4,0.488,0.387,0.123,1.6,8.9,5,36.3,2,0.7,11.8,19.8,,0.1,0.3,0.4,0.072,,-0.9,-0.5,-1.4,0
239,Tyler Herro,SG,24,MIA,8,272,17.6,0.561,0.401,0.164,1.2,16.1,8.5,22.8,2,0,10.9,29.6,,0.1,0.3,0.4,0.067,,1.8,-0.3,1.5,0.2
240,Aaron Holiday,PG,27,HOU,15,272,11.6,0.585,0.494,0.089,1.2,9.5,5.4,16.1,1.5,0.3,6.8,14.3,,0.4,0.3,0.7,0.122,,-2.1,1,-1.1,0.1
241,Nic Claxton,C,24,BRK,10,271,23.8,0.678,0,0.262,13.9,19.7,16.9,8.1,1.1,8.7,7.9,16,,0.9,0.4,1.3,0.227,,2.6,1.6,4.2,0.4
242,Yuta Watanabe,SF,29,PHO,15,269,6.3,0.53,0.788,0.197,4,10.6,7.5,4,1.1,1.9,15.3,13.6,,-0.1,0.2,0.1,0.016,,-3.8,-1.7,-5.4,-0.2
243,Chris Boucher,PF,31,TOR,18,268,16.5,0.608,0.384,0.442,9.3,19.6,14.3,4.2,1.3,2.9,6.4,17.3,,0.6,0.4,0.9,0.168,,-0.1,-0.2,-0.4,0.1
244,Isaac Okoro,SF,23,CLE,11,268,11.8,0.581,0.328,0.234,5.9,10.3,8.1,9.5,2.2,2,11.3,12.9,,0.3,0.3,0.6,0.109,,-2.4,2,-0.5,0.1
245,Danilo Gallinari,PF,35,WAS,17,267,15.9,0.606,0.438,0.385,4,18,10.9,12.6,0.7,0.9,6.7,18.9,,0.5,0,0.6,0.1,,0.8,-1.7,-1,0.1
246,John Konchar,SF,27,MEM,15,265,9.8,0.452,0.563,0.083,6.8,18.4,12.3,11.2,1.6,3.8,10.8,8.9,,0.1,0.4,0.4,0.081,,-3.1,1.3,-1.7,0
247,Dean Wade,PF,27,CLE,13,264,6.7,0.479,0.95,0.1,5.1,16.4,10.9,5.1,2,1,10.7,7.7,,0,0.4,0.4,0.073,,-4.1,1.8,-2.3,0
248,Brandin Podziemski,SG,20,GSW,14,262,12.9,0.569,0.41,0.181,5.2,19.3,12.1,17.1,1.3,0.7,13.5,16.6,,0.2,0.3,0.5,0.097,,-0.2,0.6,0.4,0.2
249,Jaden McDaniels,SF,23,MIN,11,260,11.2,0.657,0.367,0.025,3.2,6.7,5.1,8,1.1,1.3,12.1,15.2,,0.3,0.4,0.6,0.12,,-1.9,0.9,-1,0.1
250,MarJon Beauchamp,SF,23,MIL,16,259,8.6,0.564,0.479,0.169,4.5,11.3,8,7.9,0.7,1,12.6,14.3,,0.1,0.1,0.2,0.045,,-2.4,-1.2,-3.6,-0.1
251,Alec Burks,SG,32,DET,13,258,14.3,0.541,0.645,0.4,2.9,10.3,6.6,13.7,0.9,1.3,3.7,21.7,,0.5,0.1,0.6,0.107,,1.2,-1.1,0,0.1
252,Chris Duarte,SF,26,SAC,17,257,6.6,0.518,0.592,0.197,1.7,13.5,7.3,8.3,2.2,0.3,12.5,14.5,,-0.1,0.2,0.2,0.028,,-5.8,0.4,-5.4,-0.2
253,Precious Achiuwa,C,24,TOR,14,254,14,0.481,0.242,0.263,13.1,23.8,18.2,15.6,1.5,2.1,14.5,20.6,,0,0.4,0.3,0.062,,-2.1,0.5,-1.6,0
254,Landry Shamet,SG,26,WAS,15,253,12.2,0.591,0.594,0.109,0.8,8.2,4.5,12,1.6,0.6,7.8,19.1,,0.2,0,0.2,0.035,,-1.4,-1.7,-3.1,-0.1
255,Scoot Henderson,PG,19,POR,10,251,2.7,0.417,0.402,0.186,3.4,9.1,6.1,25.6,1,0.4,23.6,24.5,,-0.9,0.2,-0.7,-0.134,,-8.8,-2.3,-11.1,-0.6
256,Kevin Love,PF,35,MIA,14,248,16.4,0.563,0.706,0.341,6.8,36.2,21.2,19.8,0.4,0,7.6,18.8,,0.5,0.3,0.8,0.156,,2,0,2,0.3
257,Jeff Green,PF,37,HOU,17,247,13.7,0.648,0.333,0.54,5.9,10.8,8.4,5.7,0.6,2.7,11.4,15.8,,0.4,0.3,0.7,0.137,,-0.7,0,-0.7,0.1
258,Gary Payton II,SG,31,GSW,14,242,12.5,0.554,0.394,0.127,6.5,12.9,9.6,7.7,3.4,1.5,10.7,14.5,,0.1,0.4,0.5,0.097,,-2,2.5,0.5,0.2
259,Dwight Powell,C,32,DAL,17,242,15.9,0.798,0.034,1.31,9.2,13.5,11.3,11.5,1,2.8,13.3,9.2,,0.8,0.2,1,0.198,,0.1,0.6,0.7,0.2
260,Jae Crowder,PF,33,MIL,9,240,12,0.698,0.66,0.255,1.9,13.4,8,7.8,1.4,1,7.1,10,,0.4,0.2,0.6,0.121,,0.8,0.4,1.2,0.2
261,P.J. Tucker,PF,38,TOT,15,239,5.5,0.492,0.842,0.158,7.4,12.2,9.8,4,1.8,1.1,16.4,4.4,,0.1,0.3,0.4,0.083,,-4.5,0.8,-3.7,-0.1
262,Jamal Murray,PG,26,DEN,8,238,15.9,0.535,0.36,0.216,1.4,9.8,5.6,33.2,0.4,1.8,11.6,24.9,,0.3,0.2,0.5,0.097,,2,-2.1,-0.1,0.1
263,Davion Mitchell,PG,25,SAC,14,237,7.1,0.487,0.594,0.13,0.4,7.8,4,20.7,1,0.7,15.1,15.4,,-0.1,0.1,0.1,0.014,,-3.9,-1.1,-5.1,-0.2
264,Kelly Oubre Jr.,SF,28,PHI,8,232,17.3,0.611,0.394,0.298,5.3,14.3,9.8,3.2,2.3,1.2,6.2,20.6,,0.4,0.3,0.7,0.145,,1.6,-0.2,1.4,0.2
265,Jacob Gilyard,PG,25,MEM,14,231,11.6,0.619,0.886,0.023,2.7,6,4.3,25.6,1.9,0.4,15.3,9.6,,0.4,0.2,0.6,0.124,,-1.6,0.4,-1.1,0.1
266,Caleb Martin,SF,28,MIA,10,229,10.2,0.491,0.354,0.115,4.9,10.8,7.8,11,2.1,0,10.6,21.7,,-0.2,0.2,0,0.007,,-4.1,-1.5,-5.6,-0.2
267,Julian Strawther,SF,21,DEN,18,227,9.5,0.503,0.663,0.112,0.5,10.3,5.4,10.2,1.1,1.9,3.1,18.3,,0.1,0.2,0.3,0.059,,-2.9,-1.5,-4.4,-0.1
268,Sasha Vezenkov,PF,28,SAC,16,225,10.6,0.549,0.651,0.072,3.3,15.4,9.1,2.5,1.3,1.9,5.5,17.1,,0,0.2,0.2,0.05,,-1.8,-1.5,-3.2,-0.1
269,Gradey Dick,SG,20,TOR,15,220,2.9,0.419,0.651,0.222,3.3,7.6,5.4,8.6,0.9,0,14.8,15.6,,-0.3,0.2,-0.2,-0.034,,-7.4,-1.9,-9.3,-0.4
270,Jalen Smith,C,23,IND,14,216,23.3,0.806,0.28,0.36,10.7,30.6,20.6,7.4,1.1,1.4,14.7,19.4,,0.8,0.1,0.9,0.204,,4.4,-1,3.5,0.3
271,Xavier Tillman Sr.,C,25,MEM,9,215,11.9,0.455,0.338,0.122,6.9,18.9,12.6,13.2,2.9,4.2,12.4,17.6,,-0.2,0.4,0.2,0.044,,-3.8,1.3,-2.5,0
272,Nassir Little,PF,23,PHO,14,211,13.8,0.619,0.571,0.286,4,12.4,8.4,6.1,2.1,3.2,7.3,13.9,,0.3,0.2,0.6,0.13,,-0.4,0.2,-0.2,0.1
273,Larry Nance Jr.,C,31,NOP,14,211,9.8,0.538,0.262,0.19,9.2,20.7,14.9,6.1,2.1,1.9,22.2,11.8,,0,0.3,0.2,0.055,,-3.7,0.8,-2.9,0
274,Dennis Smith Jr.,PG,26,BRK,12,207,12.7,0.481,0.301,0.123,4.7,13.4,9.2,26.5,2.1,1.3,13.5,18.3,,0.1,0.2,0.3,0.078,,-2.4,1.3,-1,0.1
275,Troy Brown Jr.,SF,24,MIN,15,206,11.9,0.604,0.64,0.4,6.4,15.4,11.3,6.5,1.2,0.4,10.6,13.9,,0.3,0.3,0.6,0.144,,-0.8,0.5,-0.3,0.1
276,Charles Bassey,C,23,SAS,19,205,17.8,0.739,0.025,0.15,12.1,30.1,20.7,14.2,1.8,7.5,26,11.8,,0.3,0.3,0.6,0.137,,-1.9,2.6,0.8,0.1
277,Bryce McGowens,SG,21,CHO,13,205,9.2,0.617,0.644,0.222,2.1,11.6,6.6,7.4,1.4,0.9,12.4,11.6,,0.2,0,0.2,0.044,,-2.5,-0.7,-3.2,-0.1
278,Bones Hyland,PG,23,LAC,12,201,9.5,0.541,0.545,0.114,1.1,6.4,3.8,17.7,1.7,0,17.1,23.9,,-0.2,0.2,0,0.007,,-3.5,-2.1,-5.5,-0.2
279,Jonathan Isaac,PF,26,ORL,15,201,19.1,0.554,0.479,0.397,10.2,28.2,19.1,3.6,3.1,8.7,10.4,20,,0.2,0.6,0.7,0.171,,-0.5,3.4,2.9,0.2
280,Luke Kornet,C,28,BOS,15,201,19.2,0.797,0,0.27,11.8,15.1,13.6,6.2,1.9,5.8,12.7,10.2,,0.6,0.4,1,0.243,,1.1,3.4,4.5,0.3
281,Nick Richards,C,26,CHO,12,201,20.6,0.797,0,0.8,9.4,28.1,18.4,3.5,1.2,6.2,17.6,15.6,,0.6,0.2,0.7,0.179,,-0.6,0.8,0.2,0.1
282,Théo Maledon,PG,22,CHO,13,200,4.1,0.379,0.455,0.182,2.1,10.7,6.3,17.6,1.7,0,17.4,18.3,,-0.4,0,-0.4,-0.105,,-7.5,-2.1,-9.6,-0.4
283,Aaron Wiggins,SG,25,OKC,17,200,14,0.687,0.4,0.34,5.4,13.7,9.9,8.6,1.4,0.5,13.5,14.4,,0.4,0.3,0.6,0.147,,0,0.1,0.1,0.1
284,Zeke Nnaji,PF,23,DEN,19,199,12.2,0.553,0.137,0.549,12.9,11.7,12.3,5,0.7,4.2,13.6,15.9,,0.2,0.2,0.4,0.09,,-2.6,-1.3,-4,-0.1
285,Jaxson Hayes,C,23,LAL,18,197,8.6,0.687,0.091,0.636,4.1,10.9,7.7,4.8,1,4,23.5,12.2,,0,0.2,0.3,0.067,,-5.7,0.8,-4.9,-0.1
286,Julian Champagnie,SF,22,SAS,12,194,9.8,0.527,0.712,0.151,2.8,11.4,6.9,9.3,1.5,4.2,14.3,19.6,,-0.2,0.1,-0.1,-0.022,,-1.6,-1.2,-2.8,0
287,Ben Simmons,PG,27,BRK,6,191,13.1,0.516,0,0.111,9,26.3,17.9,26.4,0.8,2.4,28.4,11.8,,0.1,0.2,0.4,0.092,,-1.7,1.8,0.2,0.1
288,Ish Smith,PG,35,CHO,12,191,7.9,0.603,0.059,0,2.2,11.2,6.6,18.7,1.3,0.5,30.6,10.9,,0,0,0,-0.007,,-4.4,-0.8,-5.2,-0.2
289,Derrick Rose,PG,35,MEM,10,190,14.6,0.547,0.253,0.157,3.3,8.5,5.8,27.1,1.3,0.5,11.9,22.5,,0.1,0.2,0.3,0.074,,-0.4,-0.9,-1.3,0
290,T.J. McConnell,PG,31,IND,13,189,20.6,0.585,0.08,0.187,4.3,15.3,9.8,37.5,2.2,0.8,11.9,20.1,,0.6,0.1,0.6,0.163,,2.7,-0.3,2.4,0.2
291,Jaylin Williams,C,21,OKC,14,188,12.2,0.529,0.589,0.143,5.7,24.3,15.8,15,1.3,1,9.2,15,,0.2,0.3,0.5,0.132,,-1,1,0.1,0.1
292,Trendon Watford,PF,23,BRK,13,184,16.2,0.591,0.186,0.143,9.4,18.4,14,18.1,1.9,1.5,17.7,21,,0.2,0.2,0.4,0.109,,-1.3,0.9,-0.4,0.1
293,Jaden Hardy,SG,21,DAL,16,181,10.7,0.481,0.451,0.297,3.5,12.7,8,15.3,1.3,0,10.4,26.9,,-0.2,0.1,-0.1,-0.021,,-3.8,-2.9,-6.7,-0.2
294,Tari Eason,PF,22,HOU,10,179,15,0.524,0.267,0.15,10,24.5,17.4,7.3,1.4,6.3,9.9,17.6,,0.1,0.4,0.4,0.118,,-1.4,2,0.6,0.1
295,Craig Porter Jr.,PG,23,CLE,13,178,17.7,0.614,0.106,0.333,1.9,11.9,7,25.7,1.9,2.5,15.6,21.9,,0.2,0.2,0.5,0.128,,-0.1,1.2,1.2,0.1
296,Justin Holiday,SG,34,DEN,12,174,13.2,0.763,0.711,0,1.9,11.5,6.7,10.1,1.7,0,7.3,10.2,,0.4,0.2,0.5,0.152,,0.2,0.1,0.3,0.1
297,Luke Kennard,SG,27,MEM,8,172,11.5,0.54,0.793,0.121,1.8,13.5,7.4,13.6,1.4,0.6,7.6,16.3,,0.1,0.2,0.3,0.08,,-0.4,0,-0.3,0.1
298,Cody Zeller,C,31,NOP,18,172,8.9,0.372,0.031,0.688,13.2,21.6,17.4,12.8,1.1,1.1,12.6,11.8,,0,0.2,0.2,0.053,,-4.3,-0.4,-4.7,-0.1
299,Dante Exum,PG,28,DAL,16,170,16.2,0.553,0.27,0.238,5,18,11.4,20.5,1.4,1,6.7,18.6,,0.3,0.1,0.4,0.123,,-0.3,-0.1,-0.4,0.1
300,Omer Yurtseven,C,25,UTA,14,170,16.4,0.596,0.255,0.157,13.1,29.6,21.1,10.5,0.9,3.7,15.5,15.7,,0.2,0.2,0.4,0.11,,-0.7,0.1,-0.6,0.1
301,Thomas Bryant,C,26,MIA,13,168,12.8,0.545,0.056,0.278,8.7,25.3,16.8,6.9,1.8,2.3,16.5,19,,0,0.2,0.2,0.055,,-4.1,-0.4,-4.6,-0.1
302,Daniel Theis,C,31,TOT,10,163,13.6,0.497,0.136,0.152,11.6,13.8,12.7,11.1,0.9,4.4,7.9,20.1,,0.1,0.2,0.3,0.084,,-3.5,-0.3,-3.8,-0.1
303,Seth Curry,SG,33,DAL,15,162,11.3,0.499,0.552,0.121,3.9,9.4,6.6,10.8,2.4,1,6.1,17,,0.1,0.1,0.2,0.055,,-2.2,-0.1,-2.3,0
304,JaVale McGee,C,36,SAC,17,160,21.6,0.675,0.017,0.322,15.3,28.1,21.4,7.2,1.5,6,20.2,22.3,,0.2,0.2,0.4,0.129,,0,0.3,0.3,0.1
305,Stanley Umude,SG,24,DET,15,155,13.7,0.693,0.614,0.523,2.1,17.8,9.9,7.1,1.2,2.6,15.6,17.2,,0.3,0.1,0.4,0.118,,-0.2,0.2,0.1,0.1
306,Duop Reath,C,27,POR,11,153,13.7,0.562,0.646,0.154,4.9,10.3,7.4,12.7,1.6,1.7,10.3,21.6,,0.1,0.2,0.3,0.087,,0.3,-0.3,0,0.1
307,Vince Williams Jr.,SG,23,MEM,11,151,12.8,0.642,0.794,0.382,3.5,23.8,13.2,12.1,1,4.6,13.1,12.9,,0.2,0.2,0.5,0.145,,-2.3,1.8,-0.6,0.1
308,Kenrich Williams,PF,29,OKC,9,150,13,0.629,0.405,0.216,6.4,12.9,9.9,13.9,1.3,0,6.9,12.5,,0.3,0.2,0.5,0.161,,0,0.4,0.4,0.1
309,Wendell Carter Jr.,C,24,ORL,5,147,8.5,0.459,0.356,0.311,8.5,25.2,16.8,7.3,1,1.2,13.5,16.9,,-0.1,0.2,0.1,0.037,,-4.1,-0.7,-4.8,-0.1
310,Marcus Morris,PF,34,PHI,12,145,11.8,0.573,0.451,0.059,3.8,15.2,9.5,5.8,1.3,3.1,8.7,16.6,,0.1,0.2,0.3,0.088,,-0.9,-0.5,-1.3,0
311,Markelle Fultz,PG,25,ORL,5,143,13.5,0.493,0.054,0.071,6.4,7.3,6.8,21,2,1.3,9.4,18.7,,0.1,0.2,0.3,0.088,,-0.9,1.2,0.3,0.1
312,Delon Wright,PG,31,WAS,8,141,17.2,0.54,0.367,0.533,2.3,13.2,7.7,29.6,4.3,0.6,9.7,12.2,,0.3,0.1,0.4,0.143,,-1,2.6,1.6,0.1
313,Isaiah Jackson,C,22,IND,11,140,18.8,0.612,0.029,0.676,13.2,24,18.6,8.3,1.6,9.9,10.2,14.4,,0.3,0.2,0.5,0.18,,-1.6,2.2,0.6,0.1
314,Jalen McDaniels,SF,26,TOR,15,138,3,0.341,0.478,0.043,3,11.4,7,8.5,1.8,1.9,11.3,16.2,,-0.3,0.2,-0.2,-0.061,,-7.7,-0.2,-7.9,-0.2
315,Isaiah Livers,PF,25,DET,6,135,3.5,0.487,0.675,0.175,3.2,8.2,5.7,6.9,0.4,0,18.8,16.4,,-0.2,0,-0.2,-0.066,,-5.1,-3.3,-8.4,-0.2
316,Kris Dunn,PG,29,UTA,13,134,9.4,0.495,0.205,0.182,3.2,15.9,9.3,27,2.5,0.7,24,19.3,,-0.1,0.1,0,-0.01,,-5.2,0.5,-4.7,-0.1
317,Tristan Thompson,PF,32,CLE,15,132,13.9,0.631,0,0.591,14.5,16,15.3,11.1,0.7,3.3,20.2,11.4,,0.2,0.2,0.4,0.128,,-1.4,0.8,-0.6,0
318,Jose Alvarado,PG,25,NOP,8,131,13.8,0.532,0.529,0.157,3.3,10.8,7.1,17.2,3.3,2.3,12.8,20.3,,0,0.2,0.2,0.067,,-1,1.4,0.4,0.1
319,Keon Ellis,SG,24,SAC,12,131,9.8,0.531,0.806,0.419,3.2,10.6,6.8,9.9,2.6,2.6,14,13.8,,0,0.1,0.2,0.057,,-2.3,1,-1.3,0
320,Dru Smith,SG,26,MIA,9,131,12.9,0.576,0.515,0.061,5.2,7.2,6.2,14.6,3.4,2.2,12.9,13.1,,0.1,0.2,0.3,0.112,,-1.5,2.7,1.3,0.1
321,Andre Jackson Jr.,SG,22,MIL,15,129,10.1,0.773,0.5,0,8.9,8.1,8.5,10.7,1.8,0,26.7,9.9,,0.2,0.1,0.3,0.103,,-2.3,0.1,-2.2,0
322,Johnny Davis,SG,21,WAS,14,128,10,0.509,0.075,0.125,6.7,9.4,8,5.1,2.5,0.6,10.6,15.5,,0,0,0,0.003,,-4.3,-1.6,-5.9,-0.1
323,Danuel House Jr.,SF,30,PHI,10,127,7.4,0.537,0.516,0.323,3.5,8.7,6.1,8.1,1.9,0.7,20.3,14.7,,-0.1,0.1,0,0.015,,-3.9,-0.6,-4.5,-0.1
324,Jaden Springer,SG,21,PHI,11,127,6.8,0.432,0.324,0.216,10.5,8.7,9.6,10.2,1.9,4.2,22.8,17.4,,-0.2,0.1,-0.1,-0.026,,-5.1,-0.3,-5.3,-0.1
325,Kevin Knox,SF,24,DET,6,124,11.6,0.626,0.512,0.073,4.4,14.2,9.3,3.5,1.5,0.7,12.4,16.2,,0.1,0.1,0.1,0.054,,-1.1,-1.3,-2.5,0
326,Trey Lyles,PF,28,SAC,6,123,8.8,0.517,0.703,0.459,6.9,21.6,13.9,9.8,0,0.7,13.6,17.7,,0,0.1,0.1,0.029,,-2.7,-1.7,-4.4,-0.1
327,Ousmane Dieng,PF,20,OKC,12,122,7.8,0.464,0.703,0.108,5.9,13.3,9.9,11.4,0.4,0,9.4,15.1,,0,0.1,0.1,0.04,,-1.9,-1.7,-3.6,0
328,Kira Lewis Jr.,PG,22,NOP,11,121,8,0.405,0.349,0.209,2.7,6.3,4.5,19.5,2,0.8,9.6,18.3,,-0.1,0.1,0,-0.005,,-4.9,-0.4,-5.3,-0.1
329,Robert Williams,C,26,POR,6,119,17.5,0.684,0,0.346,9.8,27.4,18.1,6.5,2.9,5.2,18.9,13.2,,0.2,0.2,0.4,0.164,,-2.3,2.8,0.4,0.1
330,Jock Landale,C,28,HOU,13,113,7.1,0.432,0.385,0.154,8.9,13.3,11.1,9.2,1.8,2.5,22.4,14,,-0.1,0.2,0,0.015,,-5.2,0.1,-5.1,-0.1
331,Gabe Vincent,PG,27,LAL,4,113,6.4,0.416,0.5,0.071,2,1.8,1.9,14,2.5,0,6.5,11.9,,-0.1,0.1,0.1,0.022,,-5.8,1.8,-4,-0.1
332,James Wiseman,C,22,DET,10,111,14.3,0.645,0.027,0.297,9.8,21.9,15.8,4.2,0.4,2.2,16.1,18.7,,0.1,0.1,0.2,0.065,,-3.3,-2,-5.3,-0.1
333,Richaun Holmes,C,30,DAL,10,110,10.6,0.495,0,0.5,14.5,23.8,19.1,5.9,0.4,3.9,17,13.6,,0,0.1,0.1,0.056,,-4.8,-1.2,-6,-0.1
334,Otto Porter Jr.,SF,30,TOR,9,110,9.9,0.597,0.696,0.043,5.7,16.3,10.8,1.2,1.3,2.4,4.1,9.4,,0.1,0.1,0.2,0.109,,-2.6,0,-2.6,0
335,Cory Joseph,PG,32,GSW,10,108,5.2,0.356,0.72,0.28,1.9,7,4.4,24.9,1.3,0.8,15.1,12.8,,-0.1,0.1,0,0.001,,-5,-0.5,-5.5,-0.1
336,Furkan Korkmaz,SG,26,PHI,14,103,7.6,0.469,0.5,0.233,1.1,7.5,4.3,7.6,4.2,0,15.4,16,,-0.1,0.1,0,0.004,,-5.3,2.1,-3.2,0
337,Trayce Jackson-Davis,PF,23,GSW,13,102,13.7,0.591,0,1.136,11.3,12.6,12,8.2,0.9,6.1,15.4,16,,0.1,0.1,0.2,0.117,,-3.1,1.4,-1.7,0
338,Mason Plumlee,C,33,LAC,6,102,13.7,0.596,0,0.737,8.7,26.2,17.6,8,1.9,0.9,16.6,12.7,,0.1,0.2,0.3,0.119,,-1.5,0.6,-0.9,0
339,AJ Griffin,SF,20,ATL,11,101,3.4,0.443,0.727,0.061,2.1,8.9,5.4,3.7,0.5,0,10.6,15.2,,-0.1,0,-0.1,-0.061,,-3.9,-3,-6.8,-0.1
340,Joe Harris,SG,32,DET,7,98,4,0.48,0.76,0,2.2,5.6,3.9,8,1,0,10.7,11.9,,0,0,0,-0.009,,-5.4,-1.3,-6.7,-0.1
341,Vasilije Micić,PG,30,OKC,8,98,6.1,0.507,0.583,0.25,0,4.1,2.2,27.8,0.5,0,27.3,16.1,,-0.1,0.1,0,-0.008,,-4.2,-3.7,-7.9,-0.1
342,Jeremiah Robinson-Earl,PF,23,NOP,8,98,13,0.687,0.44,0.24,8.8,15.6,12.2,6.8,1,0,17.8,14.6,,0.2,0.1,0.2,0.115,,-0.4,-1.2,-1.6,0
343,Orlando Robinson,C,23,MIA,6,96,17.6,0.656,0.129,0.129,8.2,20.9,14.4,19,1,3,15.5,17.8,,0.2,0.1,0.3,0.15,,0.5,0.2,0.8,0.1
344,Caleb Houstan,SF,21,ORL,12,95,12.4,0.791,0.952,0.19,2.4,13.4,7.8,7.1,1,0,11.6,11.4,,0.2,0.1,0.3,0.165,,1.3,0.8,2,0.1
345,Wesley Matthews,SG,37,ATL,9,95,6.4,0.512,0.941,0.471,2.2,9.5,5.8,8.7,1.5,0.9,8.9,9.6,,0.1,0,0.1,0.035,,-3.5,-0.3,-3.9,0
346,Kenneth Lofton Jr.,PF,21,MEM,13,94,6.6,0.428,0.235,0.382,2.2,14.8,8.2,19.1,1,3.2,13.1,20.7,,-0.2,0.1,-0.1,-0.034,,-6.8,-0.1,-6.9,-0.1
347,Jaylen Nowell,SG,24,MEM,5,94,6.4,0.415,0.389,0.083,3.4,11.1,7.1,11.1,1,0,5.1,17.8,,-0.1,0.1,0,-0.014,,-6.1,-1.6,-7.7,-0.1
348,Dalano Banton,PG,24,BOS,10,91,12.3,0.54,0.259,0.222,12.4,16.7,14.7,7.6,1.1,2,14.4,16.4,,0.1,0.1,0.2,0.112,,-4.1,0.4,-3.7,0
349,Oshae Brissett,SF,25,BOS,8,90,4.9,0.314,0.529,0.706,10.1,14.6,12.5,4,2.2,0,8.2,11.6,,-0.1,0.1,0.1,0.027,,-6.4,0.7,-5.8,-0.1
350,Kessler Edwards,SF,23,SAC,14,90,5.3,0.388,0.667,0.095,3.5,15.4,9.2,7,1.1,1.9,4.4,10.8,,-0.1,0.1,0,0.01,,-4.1,-0.8,-4.9,-0.1
351,A.J. Green,SG,24,MIL,12,90,8.3,0.509,0.867,0.033,2.6,8.1,5.5,11.3,0,0,0,14.4,,0.1,0,0.1,0.058,,-2,-2.8,-4.7,-0.1
352,Maxi Kleber,C,32,DAL,5,90,6.2,0.417,0.563,0.625,4.7,20.6,12.6,13.3,0.5,0.9,16.4,11.5,,0,0.1,0,0.012,,-3.9,-0.3,-4.2,0
353,Kris Murray,SF,23,POR,10,88,6.2,0.405,0.6,0.25,4.8,5.5,5.1,4.7,2.8,1,4.3,11.2,,0,0.1,0.1,0.029,,-5.5,0,-5.4,-0.1
354,DeAndre Jordan,C,35,DEN,6,87,13.3,0.576,0,0.955,10.2,24.2,17.2,10.7,1.1,1,18.3,18.9,,0,0.1,0.1,0.054,,-2.9,-0.8,-3.7,0
355,Bradley Beal,SG,30,PHO,3,86,11.4,0.49,0.326,0.348,4.2,16.5,10.7,20.6,1.1,1,14.5,31.2,,-0.1,0.1,0,-0.025,,-2.7,-1.9,-4.6,-0.1
356,Kobe Brown,PF,24,LAC,10,85,5.6,0.455,0.682,0,3.9,15.1,9.6,7.7,0.6,1.1,4.3,11.6,,0,0.1,0.1,0.053,,-5.1,-0.7,-5.7,-0.1
357,KJ Martin,SF,23,TOT,11,85,4,0.406,0.273,0.273,3.9,11.6,7.8,6,2.9,1.1,16.9,14.8,,-0.2,0.1,-0.1,-0.031,,-8.4,-0.1,-8.5,-0.1
358,Mike Muscala,C,32,WAS,7,82,8.1,0.554,0.526,0.211,2.6,22.7,12.5,11.9,0.6,3,25.2,14.2,,-0.1,0,0,-0.019,,-5,-0.5,-5.5,-0.1
359,Collin Gillespie,PG,24,DEN,10,81,6.5,0.514,0.632,0.053,0,4.1,2.1,11.9,3,0,17.1,12.5,,0,0.1,0,0.029,,-6.3,0.9,-5.4,-0.1
360,Chimezie Metu,C,26,PHO,11,78,10.2,0.589,0.409,0.182,3.1,18.2,11,7.4,0.6,3.2,11.2,14.8,,0.1,0.1,0.1,0.079,,-3.9,-0.4,-4.4,0
361,Reggie Bullock,SF,32,HOU,8,76,4.2,0.462,0.923,0,2.9,15.5,9.4,5,0.7,1.2,13.3,8.7,,0,0.1,0.1,0.037,,-4.2,-0.5,-4.7,0
362,Jamal Cain,PF,24,MIA,6,76,7.5,0.521,0.529,0.294,4.5,9.3,6.8,0,2.6,0,9.4,12.3,,0,0.1,0,0.031,,-4.4,0.1,-4.3,0
363,Sam Merrill,SG,27,CLE,10,75,6.9,0.48,0.88,0,3,5.6,4.4,10.6,1.3,0,7.4,15.6,,0,0.1,0,0.03,,-3.4,-1.8,-5.3,-0.1
364,Eugene Omoruyi,SF,26,WAS,11,75,30.1,0.732,0.306,0.444,12.8,17.5,15.1,17.5,3.1,1.1,12.2,27.5,,0.3,0.1,0.4,0.246,,7.3,0.3,7.5,0.2
365,Jalen Pickett,SG,24,DEN,11,74,8.7,0.599,0.7,0.1,1.5,13.5,7.5,11.8,2,0,22.3,15.7,,0,0.1,0.1,0.035,,-3.1,-0.7,-3.8,0
366,Jordan Nwora,SF,25,IND,5,73,10.7,0.489,0.441,0.118,9.5,14.3,11.9,10.2,2.5,1,16.4,24.1,,-0.1,0,-0.1,-0.04,,-2.9,-3,-5.9,-0.1
367,Colby Jones,SG,21,SAC,9,70,9.3,0.495,0.286,0.107,9.1,13.2,11.1,4.2,1.4,1.2,12,20.2,,-0.1,0.1,0,-0.004,,-4.5,-1.8,-6.3,-0.1
368,Anthony Gill,PF,31,WAS,11,68,13.5,0.593,0.15,0.6,6.3,14.5,10.3,9.6,2,3.6,21.7,20,,0,0,0,0.021,,-3.7,-1.2,-4.9,-0.1
369,Amen Thompson,SF,21,HOU,4,67,6.7,0.49,0.5,0.364,1.7,16,9,12.5,1.5,1.4,19,20.8,,-0.1,0.1,0,-0.019,,-5.8,0,-5.8,-0.1
370,Olivier-Maxence Prosper,PF,21,DAL,9,66,6.4,0.399,0.625,0.75,4.8,11.6,8.2,7.4,0.7,0,0,13.7,,0,0,0,0.014,,-5.2,-2.9,-8.1,-0.1
371,Lindy Waters III,SG,26,OKC,8,62,11.9,0.639,0.944,0,1.9,8.2,5.3,10.5,0,1.5,0,12.5,,0.1,0,0.2,0.14,,1.1,-0.8,0.2,0
372,Jake LaRavia,PF,22,MEM,5,61,3.2,0.407,0.6,0.1,5.2,9.5,7.2,4.7,0.8,0,8.7,15.9,,-0.1,0,-0.1,-0.043,,-8.2,-2.5,-10.6,-0.1
373,Svi Mykhailiuk,SF,26,BOS,8,59,3.6,0.471,0.824,0,1.9,6.9,4.5,2.2,2.5,0,19,15.4,,-0.1,0.1,0,-0.028,,-7.3,0.3,-7,-0.1
374,Amir Coffey,SF,26,LAC,10,58,4.4,0.436,0.25,0.333,3.8,9.2,6.6,6.6,0.8,0,12.7,11.7,,0,0,0,0.011,,-6.2,-1.3,-7.5,-0.1
375,Ben Sheppard,SG,22,IND,9,58,10,0.546,0.682,0.091,2,8,5,10.2,0.8,0,4.2,16.9,,0.1,0,0.1,0.042,,-1.9,-3.7,-5.5,-0.1
376,Mo Bamba,C,25,PHI,9,57,24,0.636,0.292,0.333,23.4,17.4,20.4,2.7,0.9,11,17.9,24.7,,0.1,0.1,0.2,0.164,,1.6,-1.5,0,0
377,Dāvis Bertāns,PF,31,OKC,6,57,19.1,0.708,0.938,0.938,0,8.9,4.8,11.1,1.7,1.6,0,17.1,,0.3,0.1,0.3,0.285,,3.4,1,4.3,0.1
378,Jamaree Bouyea,PG,24,POR,6,57,-4.6,0.238,0.381,0,3.7,17,9.9,19.9,0,0,27.6,21.7,,-0.4,0,-0.3,-0.284,,-13.1,-5,-18.1,-0.2
379,Nick Smith Jr.,SG,19,CHO,8,57,15.1,0.64,0.48,0,3.7,5.9,4.8,5.2,0.8,3.1,7.4,20.1,,0.1,0,0.1,0.068,,3.3,-1.4,1.9,0.1
380,Moussa Diabaté,C,22,LAC,9,55,25,0.58,0,0.667,28.2,9.7,18.8,10.5,3.6,0,7.9,19.8,,0.2,0.1,0.3,0.263,,4.1,-1.3,2.7,0.1
381,Sandro Mamukelashvili,C,24,SAS,7,55,13.5,0.539,0.467,0.4,11.8,14.8,13.2,19.3,1.7,1.6,14.5,15.7,,0.1,0,0.1,0.087,,-2,-0.5,-2.5,0
382,Luka Šamanić,PF,24,UTA,9,55,8,0.45,0.458,0.042,5.8,26.5,15.8,5.4,0.9,3.3,14.1,21.4,,-0.1,0.1,-0.1,-0.045,,-4.6,-1.8,-6.5,-0.1
383,Miles McBride,PG,23,NYK,12,54,13.3,0.587,0.765,0.118,2,4.2,3,8.1,3.7,0,0,14.1,,0.1,0.1,0.2,0.172,,-2.3,4.3,2.1,0.1
384,Olivier Sarr,C,24,OKC,5,54,11.6,0.694,0.5,1,8.9,30.1,20.3,2.2,0,8.6,18.8,8.5,,0.1,0.1,0.2,0.163,,-3.6,1,-2.6,0
385,Emoni Bates,SF,20,CLE,7,52,4.6,0.378,0.8,0.133,2.2,16.3,9.4,4.9,0.9,1.7,5.9,14.1,,-0.1,0.1,0,-0.019,,-4.9,-1.4,-6.3,-0.1
386,Trey Murphy III,SF,23,NOP,2,52,20,0.632,0.692,0.077,2.1,8.4,5.2,6.1,0.9,3.8,0,22,,0.1,0,0.2,0.151,,4.7,-1.6,3.1,0.1
387,Dereon Seabron,SG,23,NOP,5,52,9.3,0.448,0.154,0.462,2.1,12.6,7.3,9.6,1.9,1.9,0,12.8,,0,0.1,0.1,0.075,,-2.9,0.9,-2,0
388,Damian Jones,C,28,CLE,10,51,8,0.507,0,0.25,8.8,12.4,10.7,7.5,1,3.4,25.3,10.1,,0,0.1,0,0.037,,-5.1,-0.2,-5.2,0
389,Ryan Rollins,PG,21,WAS,8,49,25.9,0.639,0.111,0.889,4.3,17.9,11,27.8,7.6,3.3,21.8,27.5,,0.1,0.1,0.2,0.169,,0.7,6.3,7.1,0.1
390,Julian Phillips,SF,20,CHI,10,48,-0.6,0.237,0.462,0.308,2.2,14.8,8.2,11,1,0,6.3,14.5,,-0.2,0,-0.1,-0.133,,-10.5,-2.2,-12.8,-0.1
391,Tre Mann,PG,22,OKC,6,47,17.9,0.651,0.444,0.056,7.6,19.4,14,24.8,1,0,21.3,21.5,,0.1,0.1,0.1,0.133,,2.2,-0.4,1.8,0
392,Garrison Mathews,SG,27,ATL,7,47,6.5,0.545,1,0,4.5,12,8.1,2.6,1,0,8.3,10.4,,0,0,0,0.028,,-3.2,-2,-5.2,0
393,Armoni Brooks,PG,25,BRK,5,45,8,0.5,0.765,0,4.8,18.3,11.7,0,0,0,5.6,17.1,,0,0,0,0.013,,-3.2,-3.5,-6.8,-0.1
394,Nikola Jović,PF,20,MIA,3,45,12.6,0.549,0.545,0.364,2.5,52.5,26.9,26.4,1.1,0,23.9,16.4,,0,0.1,0.1,0.092,,-2,4.6,2.6,0.1
395,Thanasis Antetokounmpo,PF,31,MIL,7,44,0.8,0.375,0,0,5.2,4.7,5,10.8,1.1,1.9,33.3,11.6,,-0.1,0,-0.1,-0.084,,-8.5,-2.1,-10.6,-0.1
396,Jalen Hood-Schifino,SG,20,LAL,4,44,-2.7,0.351,0.533,0.533,0,4.7,2.5,8.9,0,0,13.9,21.3,,-0.2,0,-0.2,-0.18,,-11.9,-4.9,-16.8,-0.2
397,Maxwell Lewis,SF,21,LAL,10,43,-4.8,0,0.2,0,2.7,2.4,2.5,5.4,2.2,0,44.4,9.1,,-0.2,0,-0.2,-0.179,,-10.6,-2.4,-13,-0.1
398,Alex Len,C,30,SAC,6,41,24.7,0.677,0.125,0.875,18.2,25.3,21.6,17.1,1.2,10.6,15.3,13.5,,0.1,0.1,0.2,0.238,,3.8,3.1,6.8,0.1
399,Jarace Walker,PF,20,IND,5,41,13.4,0.44,0.278,0.167,2.8,19.8,11.3,17.7,2.2,3.6,4.9,20.4,,0,0,0,0.033,,-1.3,0.3,-1,0
400,Chuma Okeke,SF,25,ORL,9,37,6.3,0.423,0.769,0,9.2,12.5,10.8,10.8,0,0,13.3,17,,0,0,0,-0.006,,-1.9,-3.1,-4.9,0
401,Jared Butler,SG,23,WAS,7,36,20.6,0.613,0.6,0.2,0,9.1,4.5,34.6,5.1,2.3,15.5,22.6,,0.1,0,0.1,0.139,,1.3,2.9,4.2,0.1
402,Devonte' Graham,PG,28,SAS,3,36,12.8,0.435,0.571,0.714,3,3.2,3.1,37.9,2.6,2.5,17.9,13,,0,0,0,0.062,,-2.2,0.8,-1.4,0
403,Dominick Barlow,PF,20,SAS,7,35,5.1,0.457,0,0.571,0,16.6,8,0,1.3,0,0,10.5,,0,0,0,-0.014,,-6.5,-1.9,-8.4,-0.1
404,Aleksej Pokusevski,PF,22,OKC,6,34,1.4,0.304,0.667,0.222,7,14.9,11.3,17.5,0,2.7,23.3,16.4,,-0.1,0,-0.1,-0.087,,-8.7,-1.6,-10.3,-0.1
405,D'Moi Hodge,SG,25,LAL,6,33,0.8,0.349,0.833,0.167,0,0,0,7.9,1.4,2.7,7.2,18.3,,-0.1,0,-0.1,-0.106,,-7.7,-3,-10.6,-0.1
406,Cam Whitmore,SF,19,HOU,5,32,14.7,0.515,0.333,0.667,3.5,23.4,13.7,9.9,1.6,0,9.3,29.6,,0,0.1,0,0.035,,-3,-2.2,-5.2,0
407,Trent Forrest,SG,25,ATL,4,31,6.5,0.41,0,0.5,3.4,0,1.8,25.7,0,0,17,7.7,,0,0,0,0.027,,-3,-2.6,-5.5,0
408,Neemias Queta,C,24,BOS,3,31,17.6,0.492,0,0.5,29.2,29.4,29.3,0,1.6,0,14.1,19.8,,0,0.1,0.1,0.151,,-0.7,-3.7,-4.4,0
409,Rayan Rupert,SG,19,POR,7,31,-5.4,0.182,0.5,0.333,3.4,0,1.8,8.5,3.2,0,12.7,21.7,,-0.2,0,-0.2,-0.281,,-12.6,-4.1,-16.7,-0.1
410,Justin Minaya,SF,24,POR,5,30,8.2,0.509,0.667,0.333,14.2,4,9.4,0,0,3,12.7,11.2,,0,0,0,0.04,,-0.8,-3.9,-4.6,0
411,Jared Rhoden,SG,24,DET,5,30,11.1,0.658,0.444,0.222,3.6,11,7.3,14.5,0,0,16.8,16.5,,0,0,0,0.066,,-2.6,-0.8,-3.4,0
412,Jermaine Samuels,SF,25,HOU,5,29,11,0.615,0.5,0.5,3.9,22.2,13.2,8.8,0,3.2,0,7.4,,0.1,0,0.1,0.165,,-2.3,0.5,-1.9,0
413,Cole Swider,SF,24,MIA,3,29,15.2,0.571,0.786,0,0,4.1,2,16.2,1.7,3.3,6.7,22.8,,0,0,0,0.077,,4.6,1.3,5.9,0.1
414,Bojan Bogdanović,PF,34,DET,1,27,22.4,0.624,0.667,0.4,4,4.1,4.1,12.4,1.8,0,5.4,28.8,,0.1,0,0.1,0.166,,7.4,-0.5,6.8,0.1
415,Anfernee Simons,SG,24,POR,1,27,23.6,0.571,0.429,0.286,3.9,4.5,4.2,25.9,3.6,0,0,24.9,,0.1,0,0.1,0.242,,4.4,1.5,5.9,0.1
416,Blake Wesley,SG,20,SAS,5,24,7.5,0.394,0.125,0.25,4.5,4.9,4.7,28.3,0,3.8,10.1,17.2,,0,0,0,-0.035,,-4,-2,-5.9,0
417,Colin Castleton,C,23,LAL,3,23,10.5,0.51,0,0.4,15.1,13.4,14.2,11.3,0,0,0,11.1,,0.1,0,0.1,0.149,,-3.6,-3.1,-6.7,0
418,Jett Howard,SF,20,ORL,5,23,-10.8,0.1,0.8,0,4.9,5,5,10.7,0,0,16.7,21.9,,-0.2,0,-0.2,-0.364,,-13.8,-6.6,-20.4,-0.1
419,A.J. Lawson,SG,23,DAL,2,23,12.9,0.509,0.727,0.364,0,4.7,2.3,12.3,0,3.7,0,23.5,,0,0,0,0.05,,1.1,-2.8,-1.7,0
420,Josh Minott,SF,21,MIN,9,23,14,0.509,0.417,0.333,5.2,8.9,7.2,7.4,0,3.7,0,26.1,,0,0,0,0.095,,-4,-1.2,-5.1,0
421,Markieff Morris,PF,34,DAL,3,23,2.7,0.308,0.615,0,9.2,9.5,9.4,11.6,0,0,0,23.9,,-0.1,0,-0.1,-0.126,,-5.4,-6.6,-12,-0.1
422,Dalen Terry,SG,21,CHI,6,23,11.4,0.354,0.444,0.222,9.2,41.1,24.3,25.2,0,4.6,9.2,20.9,,0,0,0,-0.018,,-3.9,-0.9,-4.8,0
423,Jericho Sims,C,25,NYK,8,22,12.9,0.579,0,1,4.9,46.1,24.9,6.1,0,0,0,8.3,,0,0,0.1,0.154,,-0.7,0.7,-0.1,0
424,Jeenathan Williams,SG,24,HOU,4,22,16.1,0.547,0.182,0.182,0,0,0,15.8,2.3,0,0,23.9,,0,0,0,0.108,,-1.7,0.4,-1.3,0
425,Taylor Hendricks,PF,20,UTA,2,20,7.2,0.381,0.571,0.286,5.3,11.2,8.2,0,0,9.1,0,16.3,,0,0,0,-0.016,,-4,-2.8,-6.8,0
426,Boban Marjanović,C,35,HOU,3,20,22.4,0.53,0.111,0.111,11.2,32.2,21.9,25,0,4.7,0,20.9,,0,0,0.1,0.208,,1.6,1.8,3.4,0
427,Daishen Nix,PG,21,MIN,5,20,9.1,0.5,0.625,0,0,5.1,2.8,0,2.4,0,0,17.4,,0,0,0,0.058,,-3.7,0.7,-2.9,0
428,Lamar Stevens,PF,26,BOS,6,20,16.9,0.643,0.143,0,22.6,10.1,16,15,2.4,4.5,30,21.6,,0,0,0.1,0.121,,-2.3,1.9,-0.4,0
429,DaQuan Jeffries,SG,26,NYK,7,19,2.3,0.394,0.5,0.25,0,17.8,8.7,7.8,0,0,10.1,22.1,,-0.1,0,0,-0.1,,-6.2,-1.7,-7.9,0
430,Jordan McLaughlin,PG,27,MIN,5,19,14.6,0.512,0.5,0.5,0,0,0,33,0,9.1,0,11.2,,0.1,0,0.1,0.21,,3.8,4.2,7.9,0
431,Danny Green,SG,36,PHI,2,18,0.8,0,0.5,0,0,12.2,6.1,6.3,2.7,0,0,4.7,,0,0,0,-0.034,,-6.9,0.6,-6.3,0
432,Admiral Schofield,PF,26,ORL,5,18,-4,0.317,0.857,0.286,0,6.4,3.2,7.5,0,0,11.3,20.7,,-0.1,0,-0.1,-0.177,,-8.7,-3.7,-12.4,0
433,Hunter Tyson,PF,23,DEN,7,18,-2.1,0.25,0.75,0,0,24.7,12.3,6.4,0,0,0,9.6,,0,0,0,-0.042,,-11,-1.9,-12.9,-0.1
434,Leaky Black,SF,24,CHO,4,17,14.1,0.5,0.4,0,0,13.3,6.4,7.6,2.8,10.6,0,12.5,,0,0,0,0.08,,0.2,3.2,3.4,0
435,Jalen Slawson,SF,24,SAC,4,17,10.9,0.667,0.333,0,0,27.2,13,15.8,0,5.1,25,10,,0,0,0,0.069,,-2.6,1.3,-1.4,0
436,Bruno Fernando,C,25,ATL,5,16,-5,0.371,0.111,0.111,19.9,7,13.7,0,0,0,29.8,34.1,,-0.1,0,-0.1,-0.381,,-16,-8,-24,-0.1
437,Evan Fournier,SG,31,NYK,1,16,-3.3,0.167,0.667,0,0,7,3.4,8.1,3.1,0,0,15.9,,-0.1,0,0,-0.131,,-15,-0.7,-15.6,-0.1
438,Nate Hinton,SG,24,HOU,4,16,17.2,0.75,0.5,0,7,13.4,10.3,0,0,0,0,16.6,,0,0,0.1,0.196,,3.6,-2.7,1,0
439,Garrett Temple,SG,37,TOR,5,16,31.6,0.935,0.2,0.4,0,14,6.7,20.3,3,0,0,15.5,,0.1,0,0.1,0.385,,8.9,4.7,13.7,0.1
440,Ty Jerome,SG,26,CLE,2,15,7.9,0.5,0.25,0,7.5,0,3.6,27.4,0,0,20,14.5,,0,0,0,0.034,,-4.3,-0.9,-5.2,0
441,Braxton Key,SF,26,DEN,6,15,5.6,0.255,0.4,0.4,0,22.2,11.1,38.8,0,0,0,16.9,,0,0,0,-0.005,,-6.2,0.2,-6,0
442,Moses Brown,C,24,POR,3,14,26.9,0.51,0,0.4,30.4,8.6,20.2,12.3,3.5,6.4,0,17.9,,0,0,0.1,0.212,,3.8,-1.8,2,0
443,Jordan Ford,PG,25,SAC,5,14,13.9,0.595,0.4,0.4,0,8.2,4,9.9,0,0,0,17.8,,0,0,0,0.127,,1.4,-2.9,-1.5,0
444,Alex Fudge,SF,20,LAL,4,14,-1.8,0.291,0.333,0.333,16.5,0,7.8,0,0,0,12.7,24.5,,-0.1,0,-0.1,-0.216,,-9.9,-8.2,-18.1,-0.1
445,Jarred Vanderbilt,PF,24,LAL,1,14,1,0,1,0,8.3,22,15.5,8.3,0,0,0,6.2,,0,0,0,-0.041,,-7.1,-1.6,-8.7,0
446,Luka Garza,C,25,MIN,4,13,20.3,0.481,0.2,0.8,27.8,23.6,25.6,0,0,0,6.9,48.7,,0,0,0,0.057,,-5.7,-9.1,-14.8,0
447,Harry Giles,C,25,BRK,2,12,30,0.932,0.333,0.167,0,17.1,8.8,0,0,0,13.4,26.4,,0,0,0.1,0.203,,7.6,1.1,8.7,0
448,Gui Santos,PF,21,GSW,2,12,5.5,0.5,0.25,0,17.5,17.9,17.7,12.4,0,0,33.3,20.9,,0,0,0,-0.089,,-6.8,-3.2,-10,0
449,Terry Taylor,PF,24,CHI,5,12,11.7,1,0,0,0,9.8,4.7,0,4.2,0,0,3.7,,0,0,0,0.122,,-2.3,1,-1.3,0
450,Ryan Arcidiacono,PG,29,NYK,5,11,-1.2,0,1,0,0,20.5,10,0,0,0,0,3.9,,0,0,0,-0.035,,-10.2,-0.6,-10.7,0
451,Patrick Baldwin Jr.,SF,21,WAS,3,11,-4.1,0,0.5,0,0,10,4.9,9.9,0,0,0,7.6,,0,0,0,-0.172,,-10.6,-4.1,-14.7,0
452,Saben Lee,PG,24,PHO,3,10,30.6,0.5,0.167,0,24.1,10.9,17.2,56.5,0,8.4,0,25.9,,0.1,0,0.1,0.293,,7,0.3,7.3,0
453,Isaiah Mobley,PF,24,CLE,2,10,8.2,0.333,0.333,0,0,21.2,10.9,39.3,4.9,0,25,17.4,,0,0,0,-0.006,,-7.7,4.4,-3.3,0
454,Filip Petrušev,C,23,TOT,3,10,5.2,0.521,0,1,0,11,5.5,0,0,0,0,12.2,,0,0,0,0.024,,-4.5,-3.6,-8.1,0
455,Thaddeus Young,PF,35,TOR,3,10,13.2,0.41,0,0.5,10.4,22.4,16.1,45,0,0,17,24.8,,0,0,0,-0.037,,0.2,0.4,0.6,0
456,Udoka Azubuike,C,24,PHO,2,9,12,1,0,0,0,48.6,25.5,0,0,0,0,4.8,,0,0,0,0.157,,-1.8,-0.9,-2.7,0
457,E.J. Liddell,PF,23,NOP,3,9,4.2,0.41,0.75,0.5,0,24.3,12.1,0,0,10.9,17,27.8,,0,0,0,-0.141,,-8.7,-0.1,-8.8,0
458,Chris Livingston,SF,20,MIL,2,9,24,1.25,0.5,0,0,0,0,16.2,0,0,0,9.5,,0.1,0,0.1,0.284,,11,-0.4,10.6,0
459,Robin Lopez,C,35,MIL,3,9,3.3,1.136,,,0,0,0,12.2,0,0,53.2,8.9,,0,0,0,0.048,,-6.9,0.2,-6.7,0
460,Lester Quinones,SG,23,GSW,2,9,-3.1,0.417,0.667,0,0,0,0,0,0,0,14.3,32.6,,-0.1,0,-0.1,-0.269,,-10,-6.8,-16.8,0
461,Bol Bol,PF,24,PHO,3,7,3.2,1,0,0,0,15.6,8.2,0,0,12,66.7,18.5,,0,0,0,-0.234,,-10.1,0.3,-9.8,0
462,Dexter Dennis,SG,24,DAL,2,7,3.9,0.311,0.5,0.167,15.1,15.6,15.4,0,0,0,0,39,,0,0,0,-0.298,,-7.4,-8.8,-16.2,0
463,Kaiser Gates,SF,27,NOP,1,7,-19.4,0,0.5,0,0,15.6,7.8,0,0,0,0,24.3,,-0.1,0,-0.1,-0.55,,-18.4,-10.2,-28.7,-0.1
464,Gregory Jackson II,PF,19,MEM,3,7,-12.4,0,0.5,0,15.1,33.1,23.7,0,6.9,0,20,30.4,,-0.1,0,-0.1,-0.582,,-20.3,-4.8,-25.1,0
465,Jordan Miller,SF,24,LAC,2,7,17.7,0.833,0.333,0,0,0,0,0,0,0,0,18.4,,0,0,0,0.189,,0.7,-1.6,-0.9,0
466,Jalen Wilson,PF,23,BRK,2,7,1.8,0,0,0,0,14.7,7.5,0,0,12.9,0,6.1,,0,0,0,-0.076,,-7.2,0.8,-6.4,0
467,Dylan Windler,SF,27,NYK,3,7,15.9,0.75,1,0,0,16.1,7.8,20.7,0,0,0,12.1,,0,0,0,0.255,,3.3,3.7,7,0
468,Shaquille Harrison,SG,30,MEM,3,6,16.1,0.5,0,0,0,38.6,18.4,0,0,16.6,0,14.2,,0,0,0,0.102,,-0.5,5.1,4.6,0
469,Keyontae Johnson,SF,23,OKC,1,6,-6.1,0,0,0,0,0,0,0,0,0,0,7.2,,0,0,0,-0.167,,-10.8,-6.4,-17.2,0
470,Leonard Miller,SF,20,MIN,3,6,20.7,0.5,0,0,0,100,55.4,24.4,0,0,0,14.5,,0,0,0,0.283,,-3.7,7.9,4.1,0
471,TyTy Washington Jr.,PG,22,MIL,2,6,1,0.5,0.667,0,0,17.3,9.1,0,7.9,0,40,35.4,,-0.1,0,0,-0.357,,-10.9,0.4,-10.6,0
472,James Bouknight,SG,23,CHO,1,5,37.8,0.833,0.667,0,21.1,0,10.9,0,0,0,0,25.4,,0,0,0,0.273,,21.7,0.2,21.8,0
473,Patty Mills,PG,35,ATL,1,5,18,0.75,0.5,0,0,22.5,10.9,0,0,0,0,16.3,,0,0,0,0.151,,3,-0.2,2.8,0
474,Jerome Robinson,SG,26,GSW,1,5,-4.9,0,0,0,21,21.5,21.2,0,0,0,0,16.7,,0,0,0,-0.259,,-11.8,-6.8,-18.6,0
475,Ish Wainright,SF,29,POR,2,5,-0.5,0,1,0,0,0,0,0,9.8,0,0,8.5,,0,0,0,-0.076,,-14.2,5.1,-9.1,0
476,Kobe Bufkin,SG,20,ATL,2,4,-9.8,0.129,0.333,0.667,26.6,28.1,27.3,0,0,0,0,39.4,,0,0,0,-0.521,,-18.7,-13.2,-31.9,0
477,Sidy Cissoko,SF,19,SAS,1,4,-12,,,,0,0,0,0,0,0,100,10.5,,0,0,0,-0.36,,-15.2,-6.5,-21.7,0
478,Mouhamed Gueye,PF,21,ATL,2,4,-0.6,0,1,0,0,0,0,0,11.7,0,0,10.2,,0,0,0,-0.112,,-12.3,3.7,-8.6,0
479,Ron Harper Jr.,PF,23,TOR,1,4,-0.1,,,,0,0,0,28.9,0,0,,0,,0,0,0,0.114,,-11.5,3.2,-8.4,0
480,Markquis Nowell,SG,24,TOR,1,4,56.4,0.532,0,2,51.8,0,26.9,57.7,12.1,0,0,19.8,,0,0,0.1,0.687,,29.2,14.6,43.8,0
481,Amari Bailey,PG,19,CHO,1,3,24.1,0.333,0,0,70.2,0,36.3,0,0,0,0,42.3,,0,0,0,-0.05,,7.7,-10.8,-3.1,0
482,Onuralp Bitim,SG,24,CHI,1,3,0,,,,0,0,0,0,0,0,,0,,0,0,0,-0.013,,-7.4,-3.6,-11,0
483,Marques Bolden,C,25,MIL,1,3,3.2,,,,0,69.4,36.5,0,0,0,,0,,0,0,0,0.103,,-8.3,2.9,-5.4,0
484,Malcolm Cazalon,SG,22,DET,1,3,0,,,,0,0,0,0,0,0,,0,,0,0,0,-0.014,,-6.2,-2.9,-9.2,0
485,Noah Clowney,PF,19,BRK,1,3,4.2,,,,0,34.2,17.5,0,0,0,,0,,0,0,0,0.049,,-3.9,-1.8,-5.7,0
486,Dariq Whitehead,SF,19,BRK,1,3,19.7,0.568,,,0,0,0,0,0,30.2,0,12.5,,0,0,0,0.163,,4.5,6.8,11.3,0
487,R.J. Hampton,PG,22,MIA,1,2,-18.9,0,0,0,0,0,0,0,0,0,0,22,,0,0,0,-0.532,,-18.7,-7.5,-26.2,0
488,Jay Huff,C,25,DEN,2,2,36,1,0,0,0,0,0,0,0,0,0,21.5,,0,0,0,0.301,,13.9,0.6,14.4,0
489,Wendell Moore Jr.,SG,22,MIN,1,2,-18.7,0,1,0,0,0,0,0,0,0,0,21.8,,0,0,0,-0.484,,-19.5,-9.2,-28.7,0
490,Brice Sensabaugh,SF,20,UTA,1,2,-12.4,0,0,0,53,56,54.4,0,0,0,0,41.3,,0,0,0,-0.653,,-15.3,-14.6,-29.9,0
491,Lindell Wigginton,PG,25,MIL,1,2,-49.8,0,1,0,0,0,0,0,0,0,50,42.5,,0,0,0,-1.198,,-40.9,-18,-58.9,0
